rating,deliveryTimeDays,returnRate,qualityScore,priceLevel,risk_level
1.2397006212843258,16.010384486560426,2.488684158935104,96.9756701022393,Medium,Low
4.6740861217724845,27.21929615390565,3.1305842683148244,49.331016007716514,High,Medium
3.681786661130037,9.37634301984789,11.712083356790144,67.30813632425676,Medium,Low
3.39604417685427,3.080324968675324,4.5351723480103185,94.51923095351408,Low,Low
3.75929477159055,18.47079218598184,2.1449366699169214,60.653504507517056,Medium,Low
4.491320936613281,24.62239115129158,4.678456415587697,36.05056721172588,High,Medium
2.5713563059256095,6.209885320704915,11.56144204024825,96.63834825991125,High,Medium
2.345232377654999,10.529525844915439,5.6982650510487165,58.26269340088344,Medium,Low
1.7644224907645798,23.294161240913652,5.311751966147198,81.37867153273784,Low,Medium
4.417820332741614,1.1416495145873062,18.73322609169362,28.502280925642864,Low,Medium
1.5975975538150893,15.789567300091417,9.21165101389333,92.06081299605859,Medium,Medium
2.9336089460920167,4.237441952485787,2.3080591862881628,84.12315685752604,Medium,Low
2.6870969677445036,7.66177222681372,3.991432317918775,23.022760527654373,High,Medium
2.4250457951718363,8.948412673588876,16.02328134350317,50.17430334273948,Medium,Medium
2.6642826816347447,29.35775711155167,4.011293191761398,37.22874262836868,High,High
3.689307239974565,16.40483035776829,1.977466853253027,84.97436698342013,High,Low
1.8411047116074455,17.41076954795101,12.311052463863582,23.16460052500905,Low,Medium
3.887932587806579,25.99437932145844,13.08155105911495,60.92724885172394,Medium,Medium
1.515017749472222,28.481086097099347,9.503417320452565,45.380733948549405,Low,High
2.222593987344734,18.19649832805553,10.75367043510201,20.37699404177929,High,High
3.2652915206661284,23.135552447921167,2.7300602416716435,38.29366011076827,High,Medium
1.3724286260335603,14.576116314251337,17.750838154528275,71.30125674054958,High,Medium
3.7092027453426377,21.37625771669956,19.119601176521446,62.50719625892873,Low,High
3.7652070773409156,27.182049904042973,17.008589753578562,53.146161121616615,High,High
1.7957191191801534,18.448911649993487,1.2136613790136463,53.06739678969538,Medium,Low
2.516023332712798,11.253678585335976,2.649379080357095,73.78261220105216,Medium,Low
3.1464300370550973,28.109839172870235,16.69913550104234,87.40276066814414,High,High
4.41847610315391,24.263887256239837,6.975224947921768,75.51012282572927,Medium,Medium
4.714031007775114,17.812376333253386,13.340737142507077,92.9261509810442,Low,Medium
3.6454005595079817,12.367943272785306,7.374058480079226,75.20206591525238,Low,Low
2.3844340006576306,25.24076383566103,2.0255224766201274,74.07140982641685,Low,Medium
2.1186954261857727,6.554118339454297,10.085269215860631,89.25160290981856,Low,Low
4.610168459371812,3.125868725297875,17.883643172331425,38.25327310007246,Low,Medium
3.8018194616974315,12.652590299449159,1.526049083481591,78.61601470966457,Low,Low
1.011646871335155,1.2731758232009143,16.17585946385388,40.751979104148305,Medium,Medium
4.3444744621801705,8.684044785107847,8.972651832354684,63.01537028727772,Low,Medium
4.135887402022358,12.449411203469426,12.92093888193192,32.04887624548153,Medium,Medium
4.140027344833048,24.063347622382842,2.7098903785768957,55.80559604063777,Low,Medium
3.1090205998027085,27.966243986522493,9.675937931655927,59.23592773887599,Medium,Medium
3.2236480682972815,12.715312215789423,9.202343664066511,21.213935923713734,High,Medium
3.7083751391345774,23.57696052178824,2.620292373009312,68.07657559979978,High,Low
4.697977131096211,16.130553547936522,0.26818907744246223,21.555700673563727,Medium,Low
1.2977136737540627,15.607061075885895,3.6525026050620224,65.91801400253935,Low,Medium
2.3424369769636053,23.188091157360795,8.655341634163873,58.734759865807746,High,Medium
1.0734335359968958,19.9658324211872,12.371702981442308,44.78776934026239,Low,High
4.024016967096308,14.11710701648873,0.8634058172588288,44.768059606840005,Low,Low
4.342286820362595,2.2661669326772476,4.732662629400178,91.1799192236304,Low,Low
2.9441767939386168,20.258919463288837,10.560948980075986,97.55531753058054,Medium,Low
1.8481793975318976,4.047828956195511,13.768025814187135,32.67619521446104,Low,Medium
3.287590089835815,27.31643211404634,2.4496283370059446,62.72288905637253,High,Medium
2.640095146966972,14.977852614253145,1.4092135533391659,42.251491235912866,Medium,Medium
4.646364911224506,17.069658737389954,10.54294588598361,81.11705570604943,Medium,Low
3.9541561579036304,26.138801177784917,12.525185493248534,73.52428122535584,Low,High
2.886652731140641,17.5772031074738,0.9280577203025131,69.91676075456114,High,Medium
4.015254851913475,7.352716018736616,8.860799532703217,69.42505556714292,High,Low
4.291040972129328,16.031393768154878,9.236129631240374,45.15472846491243,Low,Medium
3.948254070576701,3.032942927755818,17.290826831641674,59.965317070074626,High,Medium
4.438991222740268,14.28934612818639,5.248321633924289,39.34116059837453,Low,Medium
4.2714026536593295,11.041715204507707,16.15478586401429,48.51123994399234,Medium,Medium
2.8243981066503667,12.53542719440015,6.49410668516528,98.51580763433034,Low,Low
4.120336094939859,23.365519643421706,4.562007558047703,93.77786545238881,High,Low
2.0190703453144803,27.521258460259624,2.2610593566902026,80.59400826986598,Low,Medium
1.7056476417115447,24.569254224835703,10.835206398820308,30.486388936376247,High,High
3.93723995593243,19.442247725501577,17.49975376105303,26.619064278965723,Low,High
4.7359496740504685,6.323809193299233,5.055317199023282,52.530922150797636,High,Low
4.610135530554302,26.29267340711569,1.425166652964558,88.34064492431516,Low,Low
3.4466227025840563,17.406671889983233,14.294046327645153,95.01636923034941,High,Medium
2.754738811599174,16.681967554733333,19.35939593539911,40.414578301938455,Low,High
4.4372998042819045,4.190513912698764,18.948559961195862,53.86864218806288,Low,Medium
3.17551168464447,10.818066795674488,9.468698671880976,69.05362885944936,High,Low
1.6583125788540114,22.856734950746723,19.36224472812233,82.36422950362095,High,High
4.301833303185141,2.6240669592310044,9.602156559045728,62.82966981107155,Low,Low
4.249654630495602,25.748476272571306,18.28680885332967,41.22280712688419,Medium,High
2.016124071195944,29.481920348648362,19.66039996152717,93.99815585880278,Low,High
2.0251695014768702,6.521991384722396,13.399069817184362,20.03212352202719,High,Medium
2.4199804632557673,10.300652784544523,19.278320241463767,71.32637449947154,High,Medium
1.1189450451784104,3.080220396632343,13.197397336580782,54.52674632940074,Low,Medium
3.2812500313060156,2.55372022861483,2.8099801959103465,69.8039516970491,High,Low
4.29934863758296,25.841757750522856,18.553490829990384,95.98633643890926,Low,High
3.189625624004901,2.86332896568372,12.8555310011973,67.01478003160086,High,Low
1.6340809361096378,15.136567228455245,7.282421136830108,71.15091371632784,Low,Low
4.551006098686752,2.1769856519061577,18.274549880129186,86.63953108424003,Low,Low
2.9200740393784836,12.669413379618474,3.02915244800829,55.34792275821861,Low,Low
1.2656214138419895,29.691135907219138,0.7858389030138491,72.39256985182872,Low,Medium
2.2829323693786923,26.161606826886477,4.651361485136571,68.61567227980865,Low,Medium
3.971325105862761,20.186140912818697,4.7267318053750245,27.828560217316003,High,Medium
1.8609752820038148,25.987123552435374,18.84370908979277,61.479437995379236,Medium,High
2.3992134180463176,13.320027462130115,2.563702205981957,29.833750399917818,Medium,Medium
2.883139988050829,21.492633130719085,18.81279998372228,46.34570219860034,Low,High
3.8668743430705677,21.47372168589781,4.683981195761804,41.570751937536336,High,Medium
4.398400699929832,14.923913249512822,7.464147382102537,59.45979944207886,Low,Low
3.7762893341239376,16.055728147661675,5.96115143589619,53.803150417908384,Low,Medium
1.4838426489539693,3.2822325806665726,10.546217912847865,52.222842723719594,High,Medium
3.0073609702225537,23.56039129663931,16.826794380120965,66.38131659474185,Medium,High
2.3016731227304312,3.7474285286009805,19.517417255670733,42.90072283065466,High,Medium
4.241036522069148,16.56076751082999,5.564343741376443,24.92863882339754,High,Medium
1.5143183140466765,1.5330487034820195,13.792770393178122,44.11134366130874,Low,Medium
2.61807809783294,11.54473202651185,4.336285518582166,73.56890052300142,Medium,Medium
2.330936615935422,3.0642268532245005,1.7904039359368462,54.70226195257229,Low,Low
2.9410224165889645,16.758769713749658,6.095218255946515,34.54467725335598,Medium,Medium
3.46501616228325,13.871823743076513,3.760314343925779,72.25093866334844,High,Low
3.9369112047443333,2.5981795582793357,17.757458637026605,76.23933809174557,Low,Medium
2.840410506230752,6.609969612346187,4.2074416305967155,21.843767072528593,High,Medium
1.0217748367667623,2.0200643144163015,18.236431872734855,82.02655439087329,Low,Medium
1.536809705305401,19.69794507111269,6.793212409628855,76.63582613609512,Low,Medium
4.334296438582947,6.658155780702091,17.85222656088294,56.691991846486076,Medium,Medium
3.4160199909580005,26.268674177868192,19.978093995261535,68.62102149947395,Low,High
4.985187216980903,25.52098466941009,12.219189988645095,23.20996962088076,Low,High
2.534138049735908,25.261986100662085,13.015766416938037,69.13350802551142,Low,Medium
2.2338768503307453,1.5813339864443763,11.651378184296224,75.90669363568263,Medium,Low
1.5606617335309214,16.78131132032725,0.1601628134756572,27.607491816858357,Medium,Medium
3.86581192623516,8.239116427906918,17.55425921393879,85.05199906910514,High,Medium
4.535048061832128,28.06655315437407,17.174847930266154,75.47055204918843,High,High
1.3133528710480267,3.1046691432966127,17.00635416315198,37.02800688306859,High,Medium
3.1715125294432207,25.153914251729656,2.5017781967280706,30.382637257808902,Medium,Medium
2.0144625105542566,26.62826827611022,11.229558874733536,34.874691269950766,Low,High
2.975396782832401,28.886458741671486,15.392843277673089,59.06477142606761,High,High
4.147903197524803,2.635073761743716,7.387652951651702,60.46473780738638,High,Low
4.836449167985176,28.00161842473243,15.787586512071542,77.87157510839427,Medium,High
2.037796684272305,3.4548138539542403,2.3854334407948685,37.96659061231209,High,Low
2.82463496447929,15.278370241355201,0.732593951976388,35.65968236385323,Medium,Low
4.499588938391705,23.381705232982085,8.358149675908189,79.87250755240302,Low,Medium
1.186739279597095,23.606418772894056,5.051720133694484,86.37150442823427,High,Medium
3.002323557793195,25.81207792819134,10.613903795270428,40.41859474754268,Low,Medium
1.7545289856962993,15.729025064098046,10.571684028748846,84.84830786081288,Medium,Medium
3.88246516265486,15.508849534280928,17.881990722123184,93.58967473044342,Low,Medium
4.282566241417915,2.093224322257448,7.343392513900453,63.383998049686326,Medium,Low
2.6483862748324585,7.4895732018583105,18.65072171604448,59.04835576811021,High,Medium
3.8219866077384954,20.48159883739111,7.886822927013286,20.102754042144113,Low,Medium
2.5317495291664684,7.440383458060706,16.49252705601786,68.6680037225343,Medium,Medium
4.775983626842446,2.3873255627041257,17.003438904100953,99.80660743567779,Low,Low
1.7067292567052208,17.82662743377511,18.080699729091187,45.61449339427509,Low,High
4.390561318037021,23.37552205561896,17.617628475494733,84.4597513742496,Medium,Medium
4.607664431351531,12.518419703196736,4.905586099487347,55.87262728127463,Low,Low
4.705119847393629,28.887306442133905,3.7898029179920845,74.1111502443928,Low,Medium
3.724200446921781,11.813418766863158,2.911350196664715,52.48879844020463,Low,Medium
4.002676057126619,15.169542850461559,12.064442713159274,46.046490601520915,High,Medium
4.575890673697717,29.25613423919689,0.9252383467999992,48.46192673605281,Low,Medium
1.6588709877719237,20.98515735242979,10.29142232535601,36.01233689994935,Low,High
1.080210839136034,26.823617645532806,11.385627659010488,84.95272919679238,Low,High
4.013251727517028,21.773434960804813,13.387708473397383,58.159353230254,High,Medium
4.36730145746105,9.671367708671037,6.33196120821138,73.6977245077054,High,Low
3.57120820064833,21.091234760267355,17.41935199725085,47.38672659687926,Low,High
4.89721985244191,29.603517033243662,10.252101060431759,94.74158331711016,Low,Medium
4.858761915313844,3.133337272257204,1.0686920478203432,95.00402699258709,High,Low
3.9584867386119797,15.478044318218467,5.445713214162684,33.551719970526285,Medium,Medium
3.8759630274129324,17.516117081778948,14.767025542423895,31.32169619599681,High,High
3.7124900061465858,13.01846456154406,13.790684178108304,47.51837090530962,Low,Medium
4.986733111738719,22.772916704213845,12.894399547636352,48.4231714575455,High,Medium
4.048130884156205,16.583996522871796,16.81570143878229,22.67412264745773,Medium,High
2.7486881982407088,9.104613795659809,11.637305330094156,24.427983137447615,High,Medium
3.216233533840843,27.994153061098416,0.1069797738844569,79.859104494472,Low,Low
4.713343088022487,2.588824389782916,8.431084964360684,76.60283501963549,High,Low
1.5645044731972875,1.0228958217033448,16.202801814909225,27.005965038899056,Medium,High
3.2554681275670663,15.976885915181825,14.539558390568619,66.38673906248724,Low,Medium
4.958946390849084,11.944241124268512,8.895117964040251,23.714692438624986,Low,Medium
2.210561362547258,20.20878393746985,3.165661013987473,75.04941273650802,Low,Medium
3.260130099903799,20.4208352014349,19.227649402874306,68.2135968755604,Medium,High
1.7857652608911434,18.801532405224005,1.7543528343992865,51.322967968130335,Low,Medium
2.1301634546497743,11.962723533597659,2.0589228940057236,77.52182563468807,Medium,Low
2.8799137386311777,25.879595095063465,5.970958519643279,93.89945050133188,High,Medium
3.07287326254371,14.209549161357387,0.6164923739874051,90.33634700683061,High,Low
4.779000320840847,15.187271211954629,6.838689871494532,93.93747478741281,Low,Low
2.054421759227526,28.68456466077071,12.071624942461252,94.71610708661746,Low,High
1.0028674348263191,28.168749472639444,3.290507447856248,38.68643473778874,Medium,High
2.8154744799837443,20.445674688676636,6.367040442720217,50.498396221990134,High,Medium
3.8778398706798876,25.782491256946585,5.1390459901693974,21.672760986818798,Low,High
2.92475260590041,14.325565730539207,7.250194626442472,66.931706221994,Medium,Low
4.762149204411791,27.27237506986167,11.33612210020932,48.35391935899089,Low,High
3.226929231036871,25.78747793916738,18.59166189195138,34.73759194370874,Low,High
2.569528403730885,12.751238575679082,2.510483624557518,85.08925807845755,Medium,Medium
3.7674556326433777,12.109011722068695,17.381981374494572,65.46553208623405,Medium,Medium
3.9199728985798545,4.82057018932696,13.60475507687566,87.39655888947308,High,Low
4.346209564678455,15.856710466548527,2.704823824930027,65.67932570607827,High,Low
1.925394852800602,4.954762045854293,3.9337711646242624,24.42659097306769,Medium,Low
2.431364634566133,1.2450933858113555,16.78415906078918,22.559556811545978,Low,Medium
2.315097149970363,18.71494242198866,17.425293705403146,21.235794218646234,Medium,High
1.2161905093989063,14.259682168966787,10.9924460221207,91.02541122686551,High,Medium
2.9766304142072175,22.22432433881888,7.675825118136947,95.59736509120609,Low,Low
3.01428029761422,24.24763510510965,8.830680207577938,59.24908607185593,High,Medium
3.8242324585521232,15.223177847073757,5.153912963783593,90.79413974759733,Medium,Low
4.03598304996291,14.88070124596522,0.893224327577975,44.76474412104587,Low,Low
4.244348984801034,3.539691629069067,16.113507580854083,73.53469217593144,High,Low
1.0093898954698126,8.099196317050051,13.611661858375346,29.701191468730936,High,Medium
3.5743048909592807,4.134247316325261,8.724888967286347,97.75606762078445,Medium,Low
4.4539658018512736,23.40315516111379,3.3766721330514016,85.74411674033603,Low,Low
2.2965406953311853,29.345265483698686,0.7470587287110986,55.60853309743953,High,High
2.437355962063149,14.785412962745188,7.270289147385334,71.2804845856561,Low,Medium
1.8381384958005027,5.208061628497057,18.08762269331047,97.50531531867013,Medium,Medium
2.3829210087719916,5.970551057417821,1.579611987324634,75.46379748411937,Medium,Low
4.575096751047779,16.364462655031566,13.386967015255921,86.5259140728362,Medium,Medium
3.3458380494991906,8.57610884115389,19.638106445738856,91.83184838194018,Low,Medium
1.1046333692936794,20.96159210764763,12.082612577130703,94.86524992889167,Low,Medium
4.686906677806645,22.96660247096999,14.63410545446303,76.73445630355238,High,Medium
3.4619638386668767,22.859637431506044,8.944274815875701,44.7783377401064,Medium,High
2.190694862371383,20.13314557313943,2.7396444461905567,74.94931949879279,Low,Low
2.09604712154219,10.130393506853325,2.33608215467904,41.85276962959561,High,Medium
1.4179212670158323,21.887769794474472,13.745660088262554,27.660335893068613,Medium,High
1.4078101983211098,12.73470582476288,1.248950623950149,85.68626895985928,Medium,Low
4.357632150437087,13.996954563618235,12.733858287158835,37.699025584534695,Medium,Medium
2.60616695202113,9.714174000346528,16.065268012542564,41.76020589847917,Low,Medium
2.345844650308849,18.08553494441986,9.088446383190822,79.61158478622563,Medium,Medium
4.30486950310088,7.601343538762379,10.488726917154986,84.4877398368598,Medium,Low
4.497658216785914,25.679109237120223,15.544084947017042,41.524178299373034,Medium,High
2.385877148314669,29.21831513591067,19.594686695477193,41.46208163628454,Medium,High
2.085552752947059,14.676648551491677,14.219758829273658,55.123319105691834,High,High
1.702689191874338,28.84772439626993,13.86338720507692,84.10972283709094,Low,Medium
3.57109464647317,10.505364969395348,17.201470379795857,29.810243998240527,Medium,Medium
2.5869104018735434,28.203561753063962,3.0626960120880775,20.787746000960876,High,Medium
3.282658315923156,13.632085582368562,8.2969370060319,78.61787323306453,Low,Low
2.3248332093140864,9.192463072007971,11.103194595803096,78.43330120157884,Medium,Low
2.255128573222915,5.113487530892571,4.276024213254656,28.44109171209609,High,Low
4.802425486319491,22.160673995769997,1.040916775122629,90.73961391431634,Medium,Low
3.244027345659683,4.900213088369567,6.403724388081107,93.0755758780472,Medium,Low
1.7642074748347314,13.781893359798216,11.695136166746094,85.29822814902401,Medium,Medium
4.817587608133897,27.408647459201816,19.246014982244798,54.23317521502283,Medium,High
3.506634556365364,20.858421590096757,2.5088356890104,82.91864274367248,Medium,Low
2.1218528968186097,22.201986507103303,4.843668911875354,33.73679911789505,Low,High
4.175573447048288,29.69087849734909,13.583166914871136,98.79602530893153,Low,Medium
2.049219725537758,25.327749074647457,0.6464653065218062,61.6146348585915,Medium,Medium
3.2446045866878244,14.783615140874415,15.812059295395107,30.683447160444093,High,High
3.155923497800482,9.348505596710492,2.405419262572137,76.28226721452243,High,Low
1.1448290459495398,16.983098749647283,14.173616770238102,29.155053081347848,High,High
2.0090113354206816,16.49239188800617,16.476034998410757,28.251740870268883,High,High
1.7250010222062078,21.648230874746716,7.6991744527511425,52.18357424610549,High,Medium
2.5052472678199904,11.532484587770526,1.0453733512319308,74.84308964500985,High,Low
4.946787184321695,18.96109921980628,13.017327905082814,35.91133623504139,High,High
2.1526085431096122,7.844229979387649,14.610293080526533,23.226019177676058,Low,Medium
4.4731880726453115,9.546730558837593,0.036240677385033226,37.905446884514305,Medium,Low
1.9639850319836718,28.147641574663904,10.403204460487913,49.18544770462855,Medium,High
2.57996108219613,10.715248528773177,4.145650450994712,50.22374591275292,Low,Medium
1.2635686601278908,6.547385544198916,8.148105432226975,94.95594031269563,Low,Low
2.6249963839076194,23.36011273710079,8.70461436018848,95.74740413340126,Low,Medium
1.6960417920644968,23.06201994322155,0.3167614188974843,64.62481005883475,Low,Medium
2.467992589072883,4.077637138382171,13.7729010452878,98.29232650703719,Low,Low
1.7703265298341115,3.8309440555193195,17.955916127840517,47.991637091791894,High,Medium
3.326605330692027,29.288065199913586,15.229176668723172,53.870939925396954,High,High
2.2970034954078824,4.220012767691927,8.85529913723789,40.2602253572573,Medium,Low
4.1708136231230055,19.244409780393735,3.0531632908156747,76.81386132721286,Medium,Medium
2.8130467335268925,20.845530863202733,7.198280724307269,73.42449759892935,High,Medium
4.652823847256689,24.136268794049624,18.42915472433061,98.2804773546152,Medium,Medium
4.984354909058049,3.997962208856837,3.6132539780481876,30.402100452010608,Low,Low
1.3423982112910733,6.320278658007086,15.168073460684063,21.75892176314589,High,High
3.784125627956455,10.931781356402821,2.159248962216711,25.57166941986125,Medium,Low
4.54280765416191,19.82763460668794,3.2709137364827856,22.691977871922127,Low,Medium
2.3422288067866286,29.304584568210334,17.471111524541776,46.35024536273741,Medium,High
4.187392707088493,4.699476389564243,18.066022547775187,73.7823063579264,High,Low
4.138146074739581,3.705637808825562,10.417480732697715,86.91073885049805,Medium,Low
3.4707783447543634,19.688271919264682,0.5667490076676929,86.28242076652069,High,Low
1.9610503379957258,4.6162259665844925,11.72416332381018,81.14045392193131,High,Low
2.350991986939389,13.135035418088284,10.170777829954158,58.14031004066625,Medium,Medium
4.783138584963822,27.965896514516267,7.62830687566713,26.292964665140694,Medium,High
4.431062193489769,15.354501046661369,2.6186250425355495,75.69771488970179,Low,Low
4.30123360969193,4.652278590377517,18.061950140986195,89.13844818092457,High,Low
1.4439792556872426,6.136522270470165,8.573296487789698,30.137018818739108,Medium,Medium
4.763863151371176,15.10479092392928,9.25238543867459,82.80574892508102,High,Medium
1.6544960008409353,4.622674511478369,0.5335352521774506,20.99404750351458,Low,Low
1.1313019952769605,14.567924416390637,12.932422673151107,86.40261469024597,High,Medium
4.33655464209434,15.201416923877796,15.251422255831057,86.6702099545331,High,Medium
1.2067427196445273,5.5975485964977825,16.253860867515648,30.608319259744885,Medium,Medium
3.5046962951755787,21.413489357715125,13.016053802867592,97.42898809305704,Low,Medium
1.6253257535713543,13.673978038043353,7.937787861780792,79.48354157098356,High,Medium
2.8752758320609653,9.519094317794202,5.546935234492585,60.01851831406415,High,Low
1.6827097412089347,20.224281317992407,17.05077481711934,40.63516054295205,Medium,Medium
4.902109316083607,10.664010475971102,11.900926898475223,27.21565601601955,High,Medium
1.258143535378705,17.752181664870246,7.156265594052192,42.03663281105362,High,Medium
2.4679730683277894,10.193028122294814,16.999751863380208,87.7029869189168,Medium,Medium
1.0148786432722368,8.003680578825776,10.194463432071304,50.3967961807802,Low,Medium
2.376301973481423,29.916824930592615,15.448219992545685,80.902036508033,Medium,High
1.5994511955462065,17.583034364298037,5.072849486827511,38.244945352001594,High,Medium
2.676351014683864,23.716189816361478,5.366795825493149,75.83774327388909,Low,Medium
1.796329251311831,18.04339362190282,1.2808704772957702,88.99473041129255,Medium,Low
1.7673444584040423,10.680632439567884,14.554127401219342,73.54056740637186,High,Medium
3.6160923106350418,13.070293899937118,3.5931857805982403,75.12872651894592,Medium,Low
4.939831878503324,9.982117328098424,4.839212713489919,42.277223273227676,High,Low
2.7661891555193217,28.404558781119448,2.8322270123579862,71.42667126525905,High,Medium
4.3734932827000215,6.909504991540848,14.85797628196864,74.84824532358995,Low,Medium
4.813280321737022,3.931569231052232,6.1769454956324,68.90856104787059,High,Low
1.061059358584119,7.383748081728273,5.638737686835169,55.487976105454976,Low,Medium
3.708425464785113,16.154611787592476,15.639052339443039,32.451839420927264,Low,High
1.012083485424645,8.190041044368408,18.55582958750631,94.57071323186264,Low,Medium
4.764542339401789,26.156833681383205,5.751000788508865,46.64697050707816,Low,Medium
1.5571867576284033,1.645901196949492,17.38243228562069,64.3302972968365,High,Medium
1.0016411577566995,18.28929741266893,18.31886007908105,43.03472752745752,Low,High
4.536301185240739,14.1105667998302,17.143859071736113,23.871670555661247,Low,High
2.809293910537184,13.307281524102802,3.135258951985893,54.11248451935783,Medium,Low
2.9503264135868643,21.231745100612024,10.597905931078824,51.33404772284392,Low,High
1.07212803930092,17.15437999957479,15.746976968194142,63.30683061610138,High,High
1.7065721194818781,9.275480193937785,19.117400865370392,78.7286864984722,Low,High
4.2170446175138,20.115510793403896,7.961096813578754,61.09067071429208,High,Medium
2.4946011854919368,12.255522246286414,1.913802321160023,93.16675481773981,Low,Low
1.6682226778751428,29.792093937896215,11.260258863433261,48.529743906084164,High,High
2.02796694124379,20.26043018657998,8.387756630393719,97.23285594948892,Low,Medium
3.168133380388808,27.652110033831462,17.998190867093435,55.85286986952016,Low,High
4.810568523203445,13.875658215918879,3.4941718409757128,35.89205221449113,Medium,Low
2.378023573576253,2.7847479899102687,5.399472737109241,81.47368568937937,Low,Low
1.423662758515094,1.540751006028704,16.092833946693545,31.031595393166125,Medium,Medium
3.6829888018870935,25.57329656337164,0.19077908051089887,52.23120248400389,High,Medium
3.6218138259742565,1.2514036055088003,18.55034031415649,25.30321499572402,Low,High
2.6734521537151723,21.710441245373044,17.224644545207717,32.37478785478889,Low,High
2.6320803651403244,20.936479317442114,4.997349305158587,71.2200731961821,Low,Medium
4.972654955733914,4.07666944849061,4.661063759697173,96.03038011856745,Medium,Low
1.390829101547034,1.4349565109369637,3.222000465128445,99.68102267057986,High,Low
3.5457149750113963,25.189235914723426,15.995254855904795,47.63689211746151,Medium,High
2.1338445970563167,20.91591588817536,13.484392648947939,37.7194839087712,Low,High
4.240071112185053,17.115440951366434,18.940805562887185,60.38998520762456,High,High
3.4170380639477007,24.987586304401077,8.50004828246395,42.03573438324072,Low,Medium
2.22400389433267,27.888987478934098,11.771721946985085,52.61913729532759,Low,High
1.7878145208348855,12.96999128804441,4.555566832356028,66.70866138464123,Medium,Low
4.587976312742695,12.44922228542564,19.06648529774277,58.81055261714678,High,Medium
2.6483744385301566,2.032752357912403,9.959526051747865,64.33357772888002,Medium,Low
1.254435984706003,7.411287337109815,10.248795374877684,63.6722047413446,High,Medium
1.2402926734199298,10.439596805657928,2.873752503684255,76.7946458747397,High,Low
3.424866568883064,10.770735479225621,11.709718766300712,45.25229015858592,Medium,Medium
2.237729883877933,18.579865354699628,10.475169931056998,21.958421265055996,Low,High
4.851481976007239,18.09465328970416,9.423451187562836,65.87213007181631,Low,Medium
4.3135125824065845,10.366383267550432,4.745087273142746,41.01068898928589,Low,Low
3.5508114041677152,15.676409776474816,14.344384620208402,86.6345318714332,High,Medium
4.556477422909771,25.511541186661457,10.508639966192845,75.32044366508757,Low,Medium
3.90668187703285,28.33547831405766,16.64382304615115,69.87123096216379,Low,High
1.8589780096334296,11.323083334134859,5.68208298454866,34.08714303550831,Medium,Medium
2.5434377873444363,29.480243980433293,7.8218448829644105,26.398598623740384,Low,High
3.3630148854122592,18.381543000409703,8.3751798096531,54.547495384962374,Medium,Medium
2.9228938258758927,28.015384420229633,14.157613904730706,79.83389210491339,Medium,High
4.1091823033562935,25.13074734641033,7.225327768119792,37.0690454426377,Medium,Medium
2.967503837843295,1.5687054417533544,13.427360177935913,61.85265198541133,Low,Low
1.9957159508583748,18.12104799091196,1.402360914939793,22.103818134773483,Low,Medium
2.0188820018301956,8.634139070085787,11.124727880515454,52.91287454083724,High,Medium
3.819182399701182,10.83577144322598,2.221266065633094,42.285436256452755,Medium,Low
4.431556740984959,9.956966077857434,13.177108084536844,65.31549480693013,High,Medium
2.9832778905941564,22.23489950867634,1.7554582824688114,73.45445295663241,Low,Low
3.510224095482586,11.335207877167818,6.469755232862921,21.85174175320067,High,Medium
2.934436027006665,5.577091059252568,15.286480004134074,59.41394642488024,Medium,Medium
3.746601693416149,25.39934636785076,8.296952131210915,81.42887385006843,Medium,Medium
1.49164473016898,6.889047194681802,8.03903849230439,87.65959026606106,Medium,Low
1.3457830126935941,23.02343244373811,6.2808800603528825,56.76796397105789,High,Medium
1.3354949542080483,29.791315367394418,2.543649072650218,25.78787070688459,Medium,High
2.5416843989195144,16.49316621089111,16.838613489585065,66.67376121464014,High,Medium
2.6428016023461725,21.892066003677943,10.230723884695836,95.48521737255815,High,Medium
4.193091986185222,23.716764065813994,7.046047087535198,43.91581824638243,Medium,Medium
1.0334626399365767,3.3973441016097263,2.523391802974735,34.832945426173936,Medium,Low
1.179524065890872,27.683300586356236,9.405924453831496,22.31973954687584,Low,High
4.681089475209631,13.7821921825857,19.891182812194796,53.60578362017314,High,High
3.0229691934217775,24.695961857075833,17.220176426160272,69.24995173465012,Medium,High
3.8944377510318056,25.147813484981484,4.016575003498417,56.16350212638413,Low,Medium
1.5358994669991248,20.473842411150084,0.08719159913160857,93.97208843241447,High,Low
1.6153036980296438,24.009660874733484,18.298598732585653,33.56508148568872,Medium,High
1.1367023561643497,10.269909805403719,16.20865827146341,75.17612278894948,Medium,High
1.2436489074861083,13.43633144362433,7.986522927830206,34.77711276559066,Medium,Medium
1.5601792485369161,10.340336684171707,11.571706971858994,26.007491664425118,High,Medium
2.3002305735672612,5.585670519358979,6.7705326945367155,21.64092824187116,Medium,Medium
3.5520129408649925,19.232920223741882,11.074564627967225,98.91312147863111,Medium,Medium
1.7828310065551514,1.8076435498999168,16.100297602361405,21.561805655839528,Medium,High
4.316727119799671,13.869723799187735,11.417060510886255,62.165675081076664,High,Low
4.356769371486154,19.936789214709812,10.045497291907747,77.71913385053381,Medium,Low
1.493854294922944,29.421506346318058,7.874383393060751,38.19373829788234,Medium,High
1.4292048414826901,6.975408246173809,2.9510369365739986,83.75582044601799,Low,Low
4.02316497154121,28.967119144737094,2.290905991729646,45.15080328539668,High,Medium
2.213812865798425,26.054138416338688,15.630462590661342,94.46461378758094,Medium,Medium
4.296377961937496,1.1544015265608634,11.296383257727921,47.13627450175344,Medium,Low
3.579625295459668,25.693049030105822,12.183907827866525,88.2538382917378,High,Low
1.0465795980123849,17.147552151081463,13.230486482923498,67.3531523535256,High,High
1.7471232286494827,13.341337605832198,10.989791470236408,74.27354013709699,High,Medium
2.718410973794187,17.075355344426004,6.5749197669921315,77.63469617806223,High,Low
2.4901098112111795,8.609826854551606,15.194426573618507,81.89179160442673,Medium,Medium
3.7860287339075565,11.905211942165538,18.852194203173113,85.43878168617643,Low,Medium
2.8346318379694813,19.627269878296584,13.596217832026605,64.69835548196312,High,Medium
4.910851251302,4.129812093984822,18.63888279308744,93.08624091221559,High,Low
2.003193340447851,21.001347628574074,17.042954956000234,64.73487039838787,Low,Medium
1.47341640530635,23.059713075408016,18.550071025931512,56.66265731090185,High,High
1.2091054890888229,8.350256760517471,1.4849371866109151,28.301976690779256,Low,Low
3.7355734191107075,24.04913488980252,2.257163298873943,62.6817144784787,High,Medium
3.070555742757738,12.076782552312796,11.286021293396605,29.16262946610786,High,Medium
3.2414078960798474,1.6304263038475133,10.411410885983468,51.341739360960254,Medium,Low
4.384476742220447,22.335821616565184,4.234335569239313,31.622880779662932,Low,Medium
2.58891011826493,17.568280447559978,19.062492250159302,61.338883595205154,Medium,High
2.230896757457484,4.2362238182333485,16.795294480772057,99.77362011405796,High,Low
1.804691868455603,27.75246799277259,17.053323062034412,81.9906745802359,High,High
4.298724956911746,9.007440340860287,18.607333158030592,49.17119928110264,High,Medium
2.6914736362363483,15.99736050623244,7.399977719199549,79.26238937285379,High,Medium
1.180463514405838,28.069789207954894,14.109790971572693,79.66913906922665,Low,High
2.3174140969998187,5.0087305167747775,7.980809040966081,98.39315462259043,High,Low
3.4486346357729163,13.556218445351483,1.4204913529865326,59.03012847984476,High,Low
4.643515619225775,24.614728526476046,10.393357929318599,81.72571514630647,Medium,Medium
4.168012504520783,10.405096252391838,14.323290763552222,30.833507985426245,Medium,Medium
2.0624378306656594,21.426235737691773,16.055313429240762,39.112375653406126,Low,Medium
3.4955557726518816,17.312851454924182,8.04262310057753,71.5115153418568,High,Medium
4.580266891744857,12.39557218474924,19.235249566909374,53.26288496553464,High,Medium
3.75704654186382,28.23416740124798,4.999974704476635,62.80964061387239,High,Medium
3.3469261095590075,24.081481130184535,9.501579601004877,83.46384613589879,High,Medium
3.4694170039522683,12.742413613825475,3.9674507969540262,96.93123938522432,Medium,Low
2.679481487129085,15.736749923287068,1.2594281746740088,86.73081907283074,High,Low
3.1738794799254526,15.417460660603279,2.695715698348762,59.68603828004249,Low,Medium
1.841846990732849,10.229394921103205,4.801393062143573,64.55400819121652,Medium,Low
3.551721958318662,23.305926216184037,7.371249380554277,96.80095046553004,Low,Medium
2.394036599128342,4.829937512302184,5.31790484054524,55.07518759692202,Medium,Low
1.3043999559230972,8.943531248267208,3.997459492988873,38.54876911062787,High,Medium
3.6877755433946007,14.325015730454794,19.835577566693864,38.150873184235586,Low,High
4.815683215386889,24.612054244585227,18.079633931785708,21.25146362459473,Medium,High
1.373149538887874,22.424562838639332,19.19833379284182,74.28378731345285,Low,High
2.652813522387435,26.428433424570983,2.521108627214068,90.01678435584205,Medium,Medium
4.167626153688948,17.907540775879955,18.17835488242908,95.35931575070974,Low,Medium
1.0150707782021322,19.30994565546745,11.930320013972617,45.452174864332804,High,High
2.0655105657200954,27.084139452061223,18.54732818923107,52.20891506721301,Medium,High
2.793467741726306,8.42656436091429,2.4068088048610403,27.882981373419256,High,Medium
2.4686952577251686,1.5475454787108052,2.010607173836718,59.69755835919395,Low,Low
2.6579239170174396,1.429456972846129,16.820899650251206,61.07983690734858,Low,Medium
1.7554775312621946,8.78937568353149,10.687711284705264,86.60872104307084,High,Low
1.9941429757083715,9.820502380078487,15.416290433286424,46.17769465291631,Medium,Medium
1.5188250319601075,14.158859047260252,10.138602321543889,74.99119301485717,High,Medium
1.7146512213564118,23.194640497101776,15.726436122721541,65.32512025841123,Low,High
2.2390612565716137,16.134649395896872,13.274089578525121,50.488041088945124,Low,Medium
4.2420659463454875,29.31855723573436,12.893445721445687,42.22935201151153,Medium,High
4.3012851393673355,24.65879517462604,18.69597939346999,87.2739075018768,Low,High
3.4437861028106127,24.788495857666142,8.082196954859143,37.72008406830822,Low,Medium
3.2946128119550284,13.899359356704672,13.369772419668081,70.39364032490076,Medium,Medium
4.205667243634508,28.359415110693277,1.969892833588065,41.20986091565916,High,Medium
1.2563383504162648,6.205507554336169,15.312096365155847,59.482466418609675,Medium,Medium
1.6589360355508962,11.189322104992875,5.2973251562714285,47.98893553779828,High,Medium
3.4086750775555332,15.29752804596359,15.715054477734657,95.80270805867562,Low,Medium
3.9015584066473306,7.080166741239312,17.693499699066997,69.29794012855623,Medium,Medium
4.909476243110543,25.464021422212664,3.565002879159267,92.36842024902954,High,Low
3.782710652861356,23.207744488756006,8.824022044258648,77.31810101137336,Low,Medium
1.6967367522720669,18.116704724784405,13.905482658888337,47.50828604340634,Low,Medium
4.536829407317274,14.691385582763987,7.658186563595713,40.09267210866285,High,Medium
3.6047908483813855,25.832268713356108,2.2476594985741882,47.819026844745245,High,Medium
4.288844621230817,9.572466047622418,14.107253817933639,61.05725934236416,High,Medium
3.7470711823886784,16.082397813280934,16.6050038556277,53.53993994551726,High,Medium
4.2107166508236755,24.46194828571263,4.906094341181624,69.21825622401627,High,Medium
2.6377917505092365,26.413105127549755,5.959595893245391,20.949707733548742,High,Medium
4.945790904106946,21.737214653955494,12.292822381090039,23.763124273179834,High,High
2.848561893079603,16.925176442002083,18.982249137764942,99.88938553315077,High,Medium
1.3769614019089897,19.37926213415638,5.727321357743172,81.13953769758494,Medium,Low
1.0902787862937706,20.92089508645477,5.880067771899062,64.79144812287595,Low,Low
2.248513107512424,1.365256106913376,1.9201389301230543,43.76769753384649,Low,Low
3.806854536264381,2.5266212661876724,1.186177896021936,44.42607192266131,Low,Low
3.565572994893266,23.333807465938662,2.831042189542121,86.73003465977968,High,Low
3.3319939188732626,12.647940647167028,18.981592063656336,82.17487275516876,High,Medium
3.4945113314452643,17.202502843286798,1.1902488512794873,41.866310133271256,High,Medium
4.997985401674887,8.629021701172693,11.521617580289876,75.71502341617705,Medium,Low
1.5946902547847284,14.232929438087027,7.7162504351857875,77.1372349485851,High,Medium
1.538862923478903,5.376563498692364,15.853549755892535,91.00499667301465,Medium,Medium
1.585492266355871,6.478964599183618,17.18869165667102,40.500393911125805,Low,Medium
4.960703174522873,3.199695161188293,13.23581427629042,55.85824116208712,Medium,Medium
4.2527285891378455,28.68449190818758,18.515770989891365,92.74120347642726,Low,High
3.900372495946169,4.5089932578499266,3.3740328560749133,45.263651560660094,High,Low
4.260720927879556,29.386824440168805,17.605035465633744,42.39498637535253,Low,High
1.640785652821771,1.2257351378000476,15.059632345922335,28.509453310819495,High,Medium
1.022525250992215,6.4031865190374715,1.994524077067359,49.0659580455208,High,Low
1.6773274296277663,25.127711540200075,11.436966577808912,66.71118586976388,Medium,Medium
2.7107671521338443,28.72457160411044,4.294702502431265,61.33314078750995,Medium,Medium
1.7177809503234123,1.737199870206222,0.7881907058077986,67.00099835414233,High,Low
4.834182427296348,5.116063112022559,6.094456121059572,85.80142415986788,Low,Low
3.88129166591424,16.35363647569702,7.909781523671404,45.78707664647549,High,Medium
4.756434793240962,20.480600373847018,1.49491807272631,56.8547978785707,Medium,Medium
2.673533350853086,13.78479826837296,12.684861819550852,81.95819354207867,High,Medium
1.2852919576512574,3.0076736466233194,4.207731089882481,43.22356125591317,Medium,Low
1.5825149541018058,1.9697015812718326,9.404981706575086,96.35581558823908,High,Low
3.8157683296878484,10.800421560313433,6.199602728709399,94.6034500868784,Low,Low
3.3472817802942547,25.150593059675543,1.4454341802270299,75.25608315993327,Low,Medium
3.644933533047463,21.587246327608632,0.2138398022700283,55.13684087454997,Low,Low
1.4095778511727062,2.783666357300518,1.0266874264735515,50.4120113566136,Medium,Low
3.8520673429351158,5.573405016525265,5.045381792016919,32.53179026909068,Medium,Low
1.578060895627801,4.88429536260001,18.875777784159162,84.33623258382248,High,Low
2.626271231621964,11.313037978469401,15.820081481308145,60.81703331824976,Medium,Medium
2.0516969905285882,11.889460038600884,9.955131272137926,47.44924131336076,High,Medium
2.5940081152159213,1.5560144117470491,15.449956921926278,33.67559148540686,Medium,Low
4.311314428264771,1.6555287414175721,4.876854599322106,32.2059379441903,Low,Low
2.870175398775063,12.72238127290327,8.989655242021596,97.75396405618682,Medium,Low
4.754999553119331,21.947023881387526,3.8091399406009185,55.37249104902494,High,Medium
2.8836833056705418,27.61757526179021,7.741346267825864,65.01127977984795,High,High
1.1903327701844497,12.178642606292327,3.164814836305254,75.62834005854957,High,Low
2.179462512278788,27.48897520675693,5.511133402424575,84.06475957414659,Medium,Medium
1.0865079698471751,15.024198395025541,10.020947555888364,45.73299771157976,High,Medium
2.5055501509379012,20.495625258044416,15.647916172889182,62.460048191051385,High,High
3.045192097481954,28.677643785100912,9.57167464865547,75.92849643197582,Medium,Medium
2.4935142381473603,27.16154490911624,18.34912443782027,94.45300031737045,Medium,Medium
2.050200920080001,2.1383385390589975,6.108884530969634,79.56829432027041,Low,Low
2.6479759579686903,17.788579445188805,7.853982267178827,66.21886161286736,Medium,Medium
1.63965298009651,12.546335312164288,11.599356404062856,95.84426254823123,Medium,Medium
3.348716512542787,14.818192523260961,6.51414670173998,77.73188354013887,Low,Low
2.6506797760141647,8.436876506432455,0.20142269664566337,41.98322115374398,High,Low
2.754621525401498,12.407232323685093,16.931015516397256,54.15242565090429,High,Medium
1.4580247858759257,12.62451183395089,4.135210481395233,35.974834093454334,High,Medium
4.646472822013713,15.56269831214595,19.316775501166603,95.33078816586949,Medium,Medium
1.752164370355143,25.93030088232778,5.155104312562193,38.114368407011995,Low,Medium
2.9159757345572417,1.5054858195593317,14.677907417991864,25.886503559175267,Low,Medium
2.8493139898371305,21.708523657865506,14.71870783874891,31.06204221422469,Medium,High
2.3472764438698275,17.086276120916157,11.505591897095,30.47010667661496,High,Medium
4.131736690959469,22.64139193615596,12.092254270104432,74.90932852629436,Low,Medium
3.487850496523906,12.465338814980111,15.364135356149815,54.015150685892664,High,Medium
3.751851360474836,23.981243405038636,6.135885662202025,22.882990199934994,High,High
4.3656657441014,19.775960788786197,6.8301422136808725,82.36611590890156,High,Low
1.9708599471943327,29.758518532118668,3.948074674610851,66.04161735728992,Low,Medium
1.0077276571660208,22.047360361775546,13.141303650658909,78.58433537755727,High,High
4.043565891844961,29.594809917696463,3.6084764416274084,81.28207196154372,High,Low
2.085436140764548,6.371017837672911,13.626263706957683,62.671591320544366,Medium,Medium
2.596437198229704,18.846621886567956,7.304884032307437,51.4228517062964,Medium,Medium
2.7266034167375257,2.5151219273240084,1.9108774912953264,72.70933335376176,Low,Low
1.0800468945150992,8.332794384114205,10.348025796499323,21.196895860504057,Low,Medium
2.952388063491309,21.64885135457909,17.379027892016126,94.72291925272084,Low,High
4.1395319335511775,6.80025871226968,2.6168472269763954,74.06493085941864,Low,Low
4.158694455171023,22.425346452281907,12.5042306771503,98.91057373031137,High,Medium
1.12825078522722,3.4128526787591147,5.8679228957156955,90.22438388871879,High,Low
3.3841206437992044,14.351199094576177,7.288197319908065,48.2403800777469,Low,Medium
1.793640404774251,15.325628224161244,15.83280144366126,58.0563262551245,Low,High
4.084544192683289,20.176693881687655,8.186898417647852,91.63301689553751,Low,Medium
1.2000890676662315,5.5030214921425875,15.784875787042603,48.6806104956267,High,Medium
4.149001210677452,12.853490065985554,16.466949538922805,74.44830960953226,Low,Medium
4.354003961772584,28.538016259372966,17.38705695845592,58.664915895783516,High,High
2.3282955632952818,5.493311774800141,16.98069026566946,61.72796103928973,Low,Medium
2.3403697370733703,2.0006124184514533,5.762502577093835,81.47583203676942,Medium,Low
3.0673470709379966,8.6375449509443,4.197293545582424,67.9279460082202,Low,Low
4.114255390187038,22.297734633754164,11.491490069460342,85.78197691783402,Medium,Medium
2.4618059386130944,28.148243727531273,1.0980978182154866,73.87131832238681,Medium,Medium
3.2100139050461753,7.248613549727127,4.007017028968118,99.24255240670544,High,Low
3.8756277784191613,22.158592827824936,2.004827405351828,77.42084358529847,Low,Low
3.9709229178163605,13.01494105769102,9.471389971492927,52.90019187830953,Medium,Medium
4.669395606026995,12.352912179686456,16.899007545452083,20.019269961429316,Medium,Medium
4.753872849463249,4.553055133575722,4.240557010044579,22.363357488919462,Medium,Medium
2.218543329174307,16.753382736647666,0.4095416672439578,61.750008829886156,Low,Low
2.780074734901421,29.985650501546978,16.704585816920297,91.47672433336928,Low,High
1.4121667737239307,7.595999367879189,0.06243302712819254,44.28080999024892,High,Low
1.3309403322489644,24.895431285554896,13.542025527147292,35.91338876122134,Low,High
2.157409640888985,8.35152946706742,6.617741753875885,41.58368463138913,Medium,Medium
3.6908544460017447,12.226784760163302,5.026153742843135,33.296042944699636,High,Low
3.967225900984688,22.944442393232617,13.338107733684206,38.72225402454997,Low,High
4.42994101494488,1.0053706635678414,7.248628223755413,79.00824768275376,Medium,Low
1.438512777613759,22.73914681232169,2.717723002551884,25.330239872829978,High,High
2.8803838338060643,12.303484269046335,7.854170642884339,69.28308226719656,High,Medium
2.415622668847268,18.496441403693353,6.240026122169007,92.78589126656483,High,Low
2.916865029734065,20.586728676923524,6.47258249160958,26.371328503121852,High,Medium
2.3005317136010577,14.662200294934863,16.37475980909304,29.969136616601695,Low,High
2.7418621002879138,8.25714343262517,13.73876711333406,79.41285749251371,Medium,Low
1.7046156500114402,18.61073343294315,9.532483210172577,89.25607938592029,Low,Medium
1.215879045709567,23.126112272561677,14.070162881766816,67.83287938106659,Medium,High
2.330626399283566,15.59307308579475,0.2815932656578135,20.556606984263297,Medium,Medium
3.4164356046033886,22.72785358747155,18.726938949421665,67.32794583333917,High,High
3.9443285773483416,5.4122887206659795,18.244592439992,91.42367516719086,High,Low
3.018564223792301,29.29151443732638,12.325409784183831,94.89184836104185,Medium,Medium
2.379147714618146,26.915810823623943,5.830338563023847,65.01692346737623,Medium,Medium
4.056372000851926,18.96118787215267,4.642678256003123,20.075443402199227,High,Medium
4.9408293036443744,24.48748048887662,9.204132363132306,92.30138091192853,Low,Low
2.364068372476812,6.444114189449936,16.424004066999093,93.18031210703678,Low,Medium
2.0326326706339133,2.094672192055568,11.66390323766092,38.39691323208274,High,Low
4.509498082165566,22.54435287865795,17.997145636983902,85.47221179982587,Low,Medium
4.229483759169957,19.43221097823743,6.074419071823773,98.6355937296177,High,Medium
3.3131544606936147,8.517963926317833,18.176480619375937,21.693789098830276,High,High
3.875969901592244,23.240938864125624,8.322370888637199,21.35278506050937,Low,High
1.9080051973536825,7.417021140919337,3.228339753751479,49.75958078313295,Low,Low
4.914313579437495,28.9978244014226,8.325219987201502,41.239937377462574,Low,Medium
4.888383972849244,18.909162083078936,19.62831443667328,47.020478970578324,Medium,High
2.9300223655284534,10.891978700271283,10.831909255966858,74.01515324092992,Medium,Low
1.1429935778634586,21.428285022847113,9.842333141717232,27.539445312362048,High,High
3.675814840273098,22.66324648831182,18.318554922075624,96.64982363836904,High,Medium
1.8030669162373405,4.1192803613425895,8.802553930926528,29.864464425713983,Low,Medium
1.4769143112714347,19.823660475617896,11.343261758267843,64.2743648930982,Medium,Medium
4.471128177571054,11.734289632162092,1.4231051176516218,91.52858542437868,Medium,Low
3.0771203295810854,25.880606416667753,7.827561867274939,91.09545718278386,High,Medium
2.959727012979443,16.624404997338367,5.153140459823103,49.299294490689206,High,Low
4.605599764916933,25.18358141337007,11.070617707143667,69.28886403325768,High,Medium
1.5024508140812083,13.134956901770611,6.891238159757506,59.85205762009187,Medium,Medium
2.8473377382424334,1.6145751406077302,4.549817817381248,58.04964914466072,Medium,Low
3.5065747332470334,22.100206955837557,13.58633330627107,57.640057527174584,Low,High
2.503839638562655,19.561415110971634,9.895887098837468,87.93057983908085,High,Low
1.0865916103489917,16.080566842396188,13.59957097301523,26.86008407288835,Low,High
4.717122606743237,21.805599075469356,15.253069798229685,36.11691966345283,High,High
1.847197154326191,25.682213949579086,8.548088544552018,96.95821237873007,High,Medium
3.5782526185272885,22.122232286820296,9.561940376364431,60.41811822413392,Low,Medium
3.281549301470123,27.28427212177374,15.681235596569575,69.80126947301727,Low,High
1.6652468008363295,21.4560362297751,5.831554335198614,42.635805442986495,Low,Medium
3.827162017587258,23.921816800606653,3.874778660496212,40.94022952296189,Low,Medium
2.3224032398800074,25.954833111035907,9.475203074774406,83.96629152816024,Low,Medium
2.6762987325017638,1.4907189604833504,7.299143753364503,41.89679337382741,High,Low
2.9021060865047734,10.227081075752391,5.334068612744285,97.35880144224299,Medium,Low
1.0470603774679907,18.048685065963667,10.027929571906487,89.8707331496838,High,Medium
2.084251960561455,9.823143033110956,10.289592842620612,77.07658883472352,High,Low
2.2405888843632082,14.08876502946882,7.6838836985195496,54.586711990293225,Low,Medium
3.87613335515955,15.406333280687743,0.8243609190339907,66.74145616516009,Low,Low
2.7216876323518675,12.876035928082704,7.494620450715197,94.0423457317516,Low,Low
1.4359999594519044,4.135577221835785,8.557390297059824,27.892590138624726,Medium,Medium
3.63027322313845,26.610462793568477,11.540837239800501,48.3215710425609,Low,High
4.913077943995953,26.349010085920114,7.181415580863025,23.638923317781966,High,High
2.117061112163959,11.671567238416813,1.5526377049959028,77.07695586931999,Low,Low
4.632139505342886,7.8349263155905735,18.16517109354132,44.75852633558936,Medium,Medium
3.128444535348015,14.858435236559188,4.4698862851168,76.44766318211936,High,Low
2.6910351083529527,24.21493861335602,5.075952851119842,53.79830004491281,Medium,Medium
2.6562713030712657,7.749177014231552,9.826981805375706,89.79724186068312,Medium,Low
3.453781890271961,11.260282088675291,6.67229781955363,23.03506503487484,High,Medium
2.60978055377437,22.445600192276398,19.370271137663963,56.43769365834941,Low,High
2.7384306154690137,15.1546755476843,18.548456729655246,61.67931109194857,Medium,Medium
2.1386975677872706,23.18944166460786,9.406945174262676,45.38832668802053,Low,High
4.144730676792852,11.931549178901891,2.0073499019010788,70.70232316346005,Medium,Low
4.109782513013645,12.109328158662366,6.607618686592751,55.84601212653075,Medium,Low
2.3531423688396362,24.43425236331814,2.4901050873138453,97.64800542859669,Medium,Low
4.9900549826475835,15.311510558105883,3.567965038571621,61.04555382907505,Medium,Low
4.181847684885869,2.439114204562239,17.10177327812072,72.65299812210668,Medium,Low
4.902419874356449,26.18139494586067,17.864722944198935,90.91011076995161,Low,Medium
4.237371314954809,14.64560010891797,18.97954688239192,87.80004963010734,High,High
3.010559219902141,15.262528347351223,3.4357821895553364,42.29709721129191,High,Medium
1.7826651825013697,29.216344032188843,3.0622689154439686,41.54163394441661,Medium,Medium
4.80137390605562,3.100247072959859,5.905212601719478,35.48346985916581,Low,Low
3.7911881322500953,3.3847634238074154,8.365281618051515,64.74414976614617,High,Low
3.982953260164758,6.952878561969097,5.858114934034582,47.68887896752921,High,Low
4.354628617969828,4.003720416987436,16.754581972453128,32.220034533409326,Low,Medium
2.731870187996214,5.1799342556924595,16.455000295302465,94.48472247097601,High,Medium
4.4119358761205465,29.212841536599942,5.333123842650089,77.28747859919693,High,Medium
1.1930875478319258,1.0296466882389919,12.003638886286511,42.72483696637722,High,Medium
4.611604044653484,24.618156719225574,9.183182607518228,40.14307626775075,Low,Medium
2.6985246391611635,14.368189515413818,0.40984093755948914,21.3445823856914,Medium,Medium
3.784138928916529,28.322131986131733,3.582385683139102,28.260704754886603,High,High
4.412054235951702,24.3719164490454,2.6442304564059937,77.11316672669074,High,Medium
4.641385385234621,10.475490811843766,9.97460730183863,96.68522677149573,Low,Low
4.0779415492623485,8.09889605185332,0.9889487335869451,87.9002160452188,Medium,Low
4.343638328823819,24.622059823579907,10.67210202244619,31.293282655762376,High,High
1.6661823543752052,16.33026528856196,11.802328446889415,43.84333586775316,High,Medium
4.158913047231849,7.241398712724987,1.3185777871496462,62.545880864864415,High,Low
2.8119924033198553,15.87359547277764,14.260629127502078,41.88022926637657,High,High
4.231727378250877,5.846840102094045,13.969609356297747,82.42074647363823,Low,Medium
3.1768000084545114,22.454094786146875,14.1187323542324,62.73519134468954,Medium,Medium
4.968505885409105,3.5987979958643566,2.5312427301351814,86.13134429707861,High,Low
4.568448062764325,1.892709964891564,14.967927124194862,80.70353141634503,High,Low
2.5926197783391,9.76912457726038,15.914133701896752,46.86292668022689,Low,Medium
2.9161629026984546,4.0320792863797035,12.249790141941668,79.03624962023508,Low,Low
4.62149275304971,12.874651514774538,19.06145537244274,89.23435240661489,Medium,Medium
3.174375873860678,14.571575617014316,2.5458506619015675,71.96083948015391,High,Low
1.4192905637630622,25.890448731040077,6.195291663703742,97.70379682452736,High,Medium
3.0992670014589647,16.77415595641778,7.8368602586570475,44.803233498513144,Medium,Medium
2.3736824645226955,14.335681346112532,3.8398390046158015,37.99000734445567,Medium,Medium
4.424584601145149,9.326823278427156,3.6745668068287474,50.3077971880444,Low,Low
1.0394429133485579,20.658189865674615,9.54320092823163,32.883697196854406,Low,High
1.558107122238677,23.526279869152113,12.5169333210122,52.73150303340978,Low,High
2.98222276150372,1.5183323942531588,6.6944537382930385,34.7098592576793,Medium,Low
1.8425268890972037,28.516529315544773,6.71081884373071,46.01769530997074,Medium,Medium
2.6693916812165654,28.923007691386523,0.48340704267006984,44.50756601617171,High,Medium
1.5602582374357459,11.099963845532553,7.790983289630448,60.90365969968276,Medium,Medium
1.6911586075298528,11.37157593807843,5.814877317813478,69.18167625250098,High,Low
3.8573931016088188,2.611781515490123,9.77462537954575,66.32914159004842,High,Low
3.9698302568542263,7.376606701513124,7.3662076417346345,49.122197537165306,Low,Medium
4.003245525497756,8.700781359294,11.437393787434642,91.54423146549185,Low,Low
4.780470029370184,7.219288650400686,1.4831821154806146,91.31630985157994,High,Low
2.569779394170282,11.50656754509748,6.372087425653088,91.57993767806386,Low,Low
3.400057909922542,6.243735891069456,10.818847200098539,41.971855429479064,Low,Low
1.1918702343179035,26.57939739422326,8.887876378315395,67.1154918805879,Low,High
3.605956614118452,8.512137093494925,1.395140246240203,53.07786112975748,High,Low
1.8183744571671032,6.26373088702337,0.2796342594272949,81.74443747825876,High,Low
3.8211344961572498,17.45709045572429,19.014254999947248,67.82366661782663,Low,Medium
2.191389393440087,14.2215621736413,1.4241343508246507,83.894989674429,Medium,Low
1.1544664224490035,4.72002640141441,4.492775528582182,84.88848321601276,Low,Low
2.482842628151136,6.346678902571121,8.861518658668977,33.25992123107639,High,Medium
1.2600219576432252,11.697493658118992,16.65550062454698,46.10562058572741,High,Medium
3.2200740968211643,9.329164562693485,18.803521266021132,80.96573227517806,Medium,Medium
1.9703088115917464,11.240996005154116,19.003614216360834,66.27858877846872,High,High
1.9243556885382742,15.761099918995928,17.756362299299973,75.50063362792602,Medium,Medium
1.662163179292349,22.209265181543962,10.48898788944504,98.47252466321036,High,Medium
4.026210640231265,18.70488175867264,7.284044452990321,36.79454653387875,High,Medium
1.5804429419264205,15.270267409533735,7.878885293811693,68.90539096424651,Low,Medium
2.806185443892226,17.808716077620232,17.543098007423886,89.41979120653845,Low,Medium
3.061989903907962,8.58329420810096,14.45294404122137,45.7080880151777,Low,Medium
1.122421985347617,9.216028725841605,9.972670128805579,23.604766553578038,Medium,Medium
1.1914623956244283,12.827940742136489,14.100690445266654,38.14964130651953,High,High
1.470398466394807,28.500972032480632,4.496257990203691,99.97085003403551,Medium,Medium
4.085719955971745,1.0633387406611599,17.774928095032838,41.600163582446434,High,Medium
4.176650835350438,6.871558720776751,19.180879937428156,60.19222347841014,High,Medium
2.270182630621352,11.461684606601068,13.386623574054779,70.60746146439976,Low,Medium
2.355744879748105,24.76067881666697,2.61396507496626,33.869852540600654,Low,Medium
3.685832125201445,8.32050462895916,0.3711667304705113,75.93669420299017,Medium,Low
1.267188309048688,28.327961722469365,19.726336845440258,27.085453906006407,High,High
2.4896026641414246,23.515349690929057,11.918536242334676,71.54925603940539,Medium,Medium
2.0184373171812235,28.5170515309491,12.709143592377801,32.47209948319575,Low,High
1.8067998505241016,13.462616051194335,9.880857338714666,24.41741014003245,Medium,High
3.0288157470712735,10.947448818517302,3.684989489888668,28.51580710664863,High,Medium
1.915769344557781,4.527063829722733,7.267849588642532,40.43426248368724,Medium,Low
4.087857737399534,2.1143437235326994,8.033811371232286,83.92587355889569,Low,Low
2.166307078303061,4.7355791391266555,17.106289287258768,66.99321310341334,Medium,Medium
4.429311294134211,4.029716588662151,8.98591641792509,42.96872887420558,Low,Medium
3.8349143196195983,4.8985014022362865,16.281338119025335,68.48876798823784,Medium,Low
3.6916712971479058,13.5409734285512,16.335351462591664,35.70297601144609,Medium,Medium
4.0140156044292326,16.227969546125077,7.372413049965774,25.267373160692372,High,Medium
4.640886805641248,9.819190212942269,8.994508211842122,63.50099647349246,Medium,Low
4.847975639467291,3.36140297250113,8.71680737745452,64.46723901467989,Medium,Low
3.778167896149096,2.609034319969408,5.690812205441123,85.53844614720818,Medium,Low
2.027591224178253,6.08086852479716,13.813360308774442,87.42297968911433,Low,Low
1.5279319920496288,28.71909406080671,16.007213073131926,73.43784486577478,Medium,High
4.159472429518972,20.0309569042024,12.17516650259106,52.94256219886197,High,High
1.9200018101935994,1.165907014716974,13.026397944524785,36.19697469110651,High,Medium
2.0156516986801125,18.979022452422182,10.712295637486637,24.817629155618903,Medium,High
4.883908766356588,20.677410911171876,0.20147323986462906,58.48150238403694,Low,Medium
1.4268554399750748,27.77305624029351,16.100225981634473,38.40687267360015,Low,High
4.877021854878723,2.6263249086464553,11.828603177980213,88.66475524056385,Low,Low
3.489261425817057,20.18857676080838,6.220834101139678,45.60087913976507,Low,Medium
4.926738023748195,11.152068055973634,5.2111193197289785,63.7533034225777,Low,Low
4.499733297402596,25.903786516535867,8.071407848992028,76.19169140323415,Medium,Medium
2.5791500366828557,22.58095891830175,17.94094776420382,94.09266644206944,Medium,High
1.663511698650142,5.335750546100188,11.538190706455026,72.59953839879536,Medium,Low
2.6462229861801094,5.603979538250417,18.45362868013224,20.213453440742903,Medium,Medium
4.7501039470383315,22.363045321344924,9.158491597217957,65.54681614208752,Medium,Medium
2.2009018169906334,12.606807855491983,13.79777464476807,92.48779597150263,High,Medium
1.1720558575202213,26.2316006001692,13.567862928118146,72.8425932349189,High,High
3.385541673612917,25.235085028588067,15.101613242433592,80.23543101469099,Low,High
2.028708544097709,17.358462728970128,10.660611229765111,31.031905738426715,Medium,Medium
3.17914661612082,5.076960106218013,17.39380402519091,74.07135109666348,Medium,Medium
2.4279347685604518,15.86795409753553,13.514935206943541,96.820186016115,High,Medium
3.087292899799809,6.610799633016676,17.84060230819562,22.48493251384268,High,Medium
3.8111315086638995,2.218167255145545,18.137456636381057,58.75782472265541,Low,Medium
3.8272777800405757,15.189414567609113,3.8189771775088577,21.25378991109806,Medium,Medium
3.9132620419749387,24.16438304432423,18.903795222540133,68.68036903766293,High,High
4.769611459027961,14.373111558540296,6.2233392954287154,59.22864281321499,Medium,Low
2.625292127382317,5.8383087982042055,0.46170961103540353,30.670498931019424,Low,Low
2.6891684513433267,8.324271066816237,7.445593136198161,28.65206048189326,High,Medium
1.3559021434773535,25.976232170308887,16.262100942216875,22.672240526194756,Medium,High
3.2081295033594,11.36391569999091,19.319874848166524,97.08396795126805,Medium,Medium
2.2009084461655455,16.40217325378051,8.16443645176464,41.907401527940735,Medium,Medium
3.025485683025048,12.045668541154285,8.7994753408476,57.618796768742506,High,Low
3.2400159569156735,14.061312215771999,12.933455063198103,96.22430785993386,Low,Medium
1.8456007382436002,16.562238224752313,19.15964107218199,67.0820545114691,Low,High
3.9253803807410863,29.69066531801998,5.450952957860582,89.99915960195372,Medium,Medium
2.274700614931463,12.886639795382848,12.681541224171312,21.928947146111824,Medium,High
3.6231092071367206,19.606979962717862,4.189724454391994,22.431793184922093,Low,Medium
4.262837080008292,12.694552215452129,18.71091079023532,95.99191870647863,Low,Medium
1.8192060997566677,11.760877309302412,12.684559976272297,21.452637248566305,Medium,High
4.608704639909935,15.742068072312952,8.21033280725101,89.2903001833853,High,Medium
2.295904426246156,20.6874687393273,11.263961848963223,32.97836568771976,Medium,High
2.4581678803555462,23.79691875162246,2.4310152146182107,29.31222809325967,Medium,Medium
4.0859394992677025,1.5863080842861255,13.415200434230679,57.54258224961931,High,Low
2.4713288972838257,13.054169043513026,16.640814784375518,44.787181722214264,High,Medium
4.027534430612142,2.3808415995459993,19.182618658558287,25.750020296689957,High,Medium
4.04722101981981,10.543780529128027,10.679130938698677,24.934423700247635,Low,Medium
1.259596868926899,19.1520580686125,8.33698478986805,69.79884309649837,High,Medium
4.761605489048742,17.080864115037986,12.004372221239388,98.15768437010087,Low,Medium
1.6987974056835937,10.436743907558027,3.988806740264399,70.70523249839559,High,Medium
4.960767157006687,3.6292005667708116,13.34489657266479,42.671815565647506,Low,Medium
3.9776588561422694,25.196958046035824,7.032699466756975,25.03006256915901,Low,High
3.958040932628259,23.72551076228726,6.036782404950309,60.99465860554521,Low,Medium
4.277922886802488,23.080271288043473,19.759506419547407,20.64677412240087,Medium,High
1.0992373201702632,12.12944398031309,2.8309770197564665,76.83101179506384,Medium,Low
2.1002177907220014,25.210995623925474,5.877801663986335,24.552118439809725,Low,High
2.1436817665585277,13.387572740330269,2.038676107652171,59.485823461518486,High,Low
2.6943433075163155,21.37618608338591,18.855440022105533,41.364875219148814,High,High
3.6303753289755085,25.20538713190145,11.167842326573474,22.487569755444483,Low,High
3.116413070641754,26.40989750452456,9.249885480248762,42.35539377887154,High,High
2.373413545664208,20.38259157112256,4.563554342583423,45.38978664539613,Low,Medium
2.404574762227248,11.471889578167538,17.044284134459588,64.30191634355505,High,Medium
1.0043480792197301,27.11903997228359,11.404759291540962,49.27971266319487,High,High
4.583195430035366,8.964469514692505,5.461629006426367,44.2097828065511,High,Medium
4.579642570258663,20.551781873342957,4.08933440395151,94.61455218884018,Medium,Low
3.131561313566395,23.014085550673684,15.261212075260836,73.14831621275094,High,Medium
2.1266120387378553,18.522945799632126,16.33490558945363,80.9079724962314,Medium,Medium
1.5894576086196448,21.13257766520943,17.85201579455081,70.69856040461094,Medium,High
1.189594311724656,18.768939506310954,4.511598883221901,92.37248499270638,Medium,Low
3.215323663471294,22.1904996465237,0.8466989180498419,20.89594442045633,Low,Medium
2.6406550769225494,11.082304452007131,2.328006356607517,23.11166497974609,Medium,Medium
3.5805484957428826,9.188615959009658,5.9119824996975705,95.6004626406945,High,Low
3.9467435034774616,9.622213575849361,1.171254210409567,31.4045005707952,Low,Low
4.11843457016986,18.460953073693144,9.099206347860221,48.49428274627368,Low,Medium
1.0529251167744729,20.849777954475854,0.38195311206408844,76.54982764347508,High,Medium
2.770356093297835,4.324558363985498,16.73848659818584,22.21054662847445,High,High
4.694757364087481,10.85498371553002,10.057881558808383,57.049442716036026,Medium,Low
1.7129323956463338,25.916283782922143,8.070455330144588,51.8834971492306,Medium,High
2.973954854953395,4.347399260423765,8.758615276947417,87.39824305612518,Low,Low
4.450696281327557,12.390066648816857,0.08747964566018673,41.90974557642968,High,Low
4.871877782081018,10.281605296608868,0.7436146988252967,48.869328158411,High,Low
1.7694923690498765,22.821688436558414,18.741767962129924,26.995926749510932,Medium,High
2.7322980205782605,27.608217089680092,9.002485452704775,79.54429738698929,Low,Medium
3.832045323485158,26.185414789476646,7.6692566909538495,45.07306918829361,Medium,High
2.12930540292777,14.96162503277056,0.88790529938654,85.40259327664965,High,Low
4.9233734728955945,11.331338244065238,12.277916844158268,44.93208804877214,Low,Medium
2.0155360438442727,23.145325550866886,13.759680430473395,45.82515981710746,Low,High
4.532532249309831,29.14602293166794,8.49144203680714,86.78421343635999,High,Medium
1.767506852409427,17.852081096238997,10.119666583141269,51.89130681571072,Medium,High
4.1659535293790295,3.8852370762088055,16.455278709347404,74.03644944186004,Low,Medium
2.502823221521082,22.977885540090902,10.604950527324855,76.32685349138683,Medium,Medium
2.0272539240689564,13.94160530248706,13.895779971975696,26.36930010619502,Low,High
2.4797123812226345,14.020413447851352,6.599386278893872,84.65345977510206,Low,Medium
2.857611625282584,24.707449439244332,10.155683739022422,59.66720248832193,Medium,High
1.3954921155052111,4.396109713653056,5.986935529693547,96.78199854130548,Low,Low
2.9368522630391625,25.117561164910597,17.920567306499862,53.16960499171823,High,High
2.069180328306018,9.048853119642704,10.447666108534703,54.46089266893881,Medium,Medium
1.4027744044152124,13.287101407989628,6.142999003799043,92.40704987106115,High,Low
2.2770268209915874,12.381104661186729,5.586362581265625,94.51282622344479,Low,Low
1.5335969407099577,20.90479475040666,4.247413106049955,88.60701406099213,Medium,Low
4.291125459464672,16.668533037498626,4.4594897601996415,52.57131076447291,Low,Medium
3.904424273477674,10.119822440128805,16.577942239517554,68.27340627778267,High,Medium
1.662141170775464,12.679238726142017,6.868611760389863,52.07221780633009,Low,Medium
4.772937133387876,21.964536534765124,13.789477988135278,97.4526532982013,Low,Medium
3.188112585697791,2.546864727150322,7.971993254369116,41.6586985937386,Low,Medium
2.233420282529241,26.65039950902204,13.524674700809548,47.273312735367234,Medium,High
4.795743500006016,15.164783394691502,10.055674215439435,69.69601156833457,High,Low
3.392951039407586,25.78978153677345,7.631487756510356,79.20287559873415,High,Medium
3.8372954111038693,25.782389899295975,13.717089848029838,21.430278722785445,High,High
1.2779199395341276,17.541196887710576,15.129553576808249,28.846334965492755,High,High
1.8974673107695188,11.232479432831502,12.906616256590436,63.7429699862627,High,Medium
4.331034673810857,4.523823916592319,16.20138616458455,58.50209204092934,Low,Medium
1.1720086617782877,4.531224950387397,17.303816222127903,65.30492972152837,High,Medium
3.8965439153305326,24.55494661965367,13.582576626697238,68.55378241812323,High,Medium
2.9614017642226433,10.189681012995852,6.710553826997967,46.99142649990131,Low,Low
4.479074272055703,13.528719189378506,16.16729380353633,41.07228895646756,High,Medium
4.552035384010551,24.443090505944035,10.410542256183273,77.93678646506879,High,Medium
2.1466369937890106,23.66321705449859,3.031758238046389,71.7727648901566,Medium,Low
2.9820984932473786,15.547264458769732,0.4657415888516381,48.43678815073109,Low,Low
3.5582153055092447,20.2492353475293,8.284011086092868,23.56453052941226,High,Medium
4.59903846147303,10.748630284567867,5.886434884624718,89.82370600635542,High,Low
3.059919242593379,4.791307444277649,4.301429429301049,72.49823923270453,High,Low
4.154745716925696,11.19180853064982,3.342001755312678,22.67145638926859,Low,Medium
4.353650924669483,25.80982408620872,16.62079054214256,83.91719220269965,High,Medium
3.7982358378065326,9.50732631982564,16.382604431220024,25.6027698905425,High,Medium
3.4074052904712167,17.616815679294195,9.167540782773214,42.16364770267379,Low,Medium
4.715786942290493,27.41180256940627,14.313529602451538,90.77459019373502,Low,Medium
1.089969318542162,25.83684829471747,13.887946549598267,81.4469233046173,Medium,High
4.2844945044708975,13.614425738753312,14.54584954479137,41.56493546019676,High,Medium
2.5314608619341556,16.265565080092927,13.56720179565804,42.894899734730714,Low,High
1.2958527490838239,6.074908033766936,17.793874506551198,68.69500223062406,High,Medium
1.6740823685750374,14.221808305263094,16.276518001974086,50.455642854187516,High,High
2.421358832878188,17.653841027455528,16.661138825284272,75.04911010088443,Low,High
1.113935242197086,26.640269176585935,14.962905382062823,99.37988633244602,Medium,Medium
1.4633886103893539,17.782822307116902,7.2857000258966504,26.425315835619607,Medium,Medium
1.9471921383844752,15.573359174348012,5.423555714224069,95.80820012861777,Low,Low
1.3924754956020498,13.960557847851355,14.680087011992091,33.85747049495205,Low,High
4.088610019229859,27.912253511462065,5.2225428886615415,46.78855607991849,High,Medium
4.88075089722509,16.99800221492324,9.362247809098536,98.75738984740929,Medium,Low
2.38232349339479,5.303175968306852,12.720807102637718,95.95963453913294,Medium,Low
1.7872469978412284,1.4609084010601043,10.738025410408438,64.88422716191033,High,Low
1.8245846411206563,12.679854943675817,1.5192057392983371,75.63257188714445,Low,Low
4.013038154383275,23.06304076544854,1.198532964609098,21.502746086974547,Low,Medium
2.641972458165367,6.583367547706045,14.902654969968,30.164501228613947,Medium,Medium
2.6294192465177995,21.267696468394966,18.083370990954535,84.41984695707507,Low,Medium
3.493727173773444,19.687488706174104,14.281086613109146,43.40901819387723,High,High
2.2420110101979334,29.838499073740138,0.766149336793227,32.98180580472597,High,High
1.1711330729890714,8.077840080244833,2.285825716737131,62.667049191405766,Low,Medium
3.3324011385231986,28.14026746696928,17.352880658239997,46.61181082673168,High,High
4.638873247631103,15.76811226458338,13.885494928717259,28.94402969871497,Low,Medium
2.7900358627453596,20.203017357383608,14.133673914102472,91.44239664687744,Low,Medium
3.0572837295636455,24.156341472270313,19.290191119833096,32.09946705175728,High,High
4.431829821590034,20.66375092684258,5.921641782709006,64.9292927833164,Low,Low
1.3787414989116913,22.23085272485806,14.786886659106099,72.77960147253057,Medium,High
1.022608419364739,29.76791326143068,3.6578754465839847,57.619918852798094,High,High
1.2717032574652198,20.52166125062766,19.944090157013584,82.41535435744254,Medium,High
4.5834170280341215,17.760542484587443,10.548045743401167,32.83073070749371,High,Medium
1.4213355769798572,28.999084053230085,18.817270957893946,35.51422562245443,High,High
1.8863737217577894,22.94206085460841,6.191063388053015,93.77050604235282,Medium,Medium
3.3465332518920654,27.376002176906525,3.769760998772773,84.47623747019863,High,Medium
1.6589641534530877,2.222362091925092,9.081106452190983,84.09679201949031,Medium,Low
4.9963630711892435,25.33365346091106,14.794062688956359,89.65810453217564,Low,Medium
1.690629604390359,1.356429173514456,11.873051588936207,90.93875135567235,High,Low
3.1069914097201847,11.480095735400733,12.521190628856582,22.44546938781039,Medium,Medium
4.522994308296758,22.972070881486204,11.269409476257037,29.600219969351045,Medium,Medium
2.4271850226197382,23.9742939615052,15.162584129936898,92.84900058980841,Low,Medium
3.3384334382206333,29.671590751228027,12.039755892944202,82.8494203214915,Low,High
3.514980903312284,19.260506903936733,19.738274284364245,51.84345392832766,Low,High
1.9642613213292939,5.482356192846601,17.728900227945147,41.99754931623592,Medium,Medium
4.425197306864468,15.227680961040445,4.333732874107854,33.57787517982984,High,Medium
3.3988165460429784,11.151128140192636,8.881289828410623,25.145895778662855,Low,Medium
2.3478591513873193,9.578587519789432,1.3405615807504545,91.65753397984011,High,Low
4.025327145920636,23.6189038692746,9.557546113061154,54.39062064998784,Medium,Medium
2.659057436184797,25.840585168420734,14.43728479790001,90.71137900328839,Medium,High
4.2921132351830575,7.6972704174012785,1.9687509800198155,98.35364109420797,Medium,Low
3.949261095252388,14.062788867352062,6.470598283562778,88.53224126450498,High,Low
3.2622573022718173,3.247088126064252,3.2525659263143414,51.043941604673144,Low,Low
4.168889388975714,13.066036831045121,1.8686373368499853,58.74743218176999,Medium,Low
2.0451494413473514,22.78978134552958,7.401160720923203,33.871142467306385,High,Medium
2.0897857644353266,16.925515032916934,14.437063210662247,99.46982305281398,Low,Medium
2.316973915054308,3.5506372426931407,14.099406676144117,48.81053502190995,High,Medium
1.6313079251991942,4.979229546956704,11.782326876553244,91.8494066882849,Low,Medium
1.4001266842686149,8.47446177803404,15.035978890374171,27.59893159818497,Medium,Medium
4.492975782965284,11.813239589744954,16.83076935382674,54.486563718679236,Medium,Medium
2.8714796545357264,8.976167509281268,2.8365765737534976,20.299607576902787,High,Medium
1.4286267877076937,12.360105145304168,11.785435224741734,42.05487175221602,Low,Medium
1.136382791413081,20.859307173729828,16.75477519035528,76.6162103639747,Medium,High
4.910529346201889,1.1346900094646744,17.473373113026625,44.586014479019966,Medium,Medium
4.5693538808832335,20.719579793718193,14.399784620654486,26.797586994579945,Low,High
1.509395105503541,27.226928176168787,10.516992725276266,83.3260077114393,Low,Medium
4.543694681667213,25.58072985225383,4.213607946551257,69.94323206266158,High,Medium
4.3468428823338465,6.061830621601399,1.4162940277152902,52.0175276431049,Medium,Low
2.1860380005685243,15.794017715401655,13.353479020165738,22.100545504792485,High,High
2.7915653793778525,9.9687974849735,10.047970556870712,47.09436835656248,Low,Medium
4.145129229160901,22.82081818699354,4.1768083284558415,35.743210687343954,Low,Medium
2.832330758702922,23.976408646596166,0.48265557385107183,68.83294886084569,High,Medium
4.233841157908593,5.638283268640931,5.555280989545102,46.385264708508885,High,Low
4.596581153780066,22.071632614256973,10.194849000852413,52.28715766121181,Low,Medium
1.8333076709121658,4.636055631617934,3.791909803533855,22.543131964411014,High,Medium
2.3255765557705494,29.340005385013022,17.26886267020667,45.843486769488194,Medium,High
1.9835917341059242,14.82464602384761,18.409446012277762,77.91874121985211,Medium,Medium
3.191483242548879,1.6948801686038246,15.28440967684617,66.47311185970227,High,Low
1.8060565016964336,24.419110978979727,1.0772422891019295,25.573829153887022,Low,Medium
3.448599286453561,16.928286869958935,5.460575913517188,39.56059978755402,Low,Medium
4.449212944105596,11.01296033813858,6.797916423236668,91.9961123125141,Medium,Low
3.6375963196214856,12.799059118639693,5.239511285570351,98.3560610490259,Medium,Low
4.035727794458726,9.615335946461952,8.531057084832794,34.876275631282134,Medium,Medium
3.891048131358787,8.757843863262131,16.40118731492507,99.64869692115408,Low,Medium
2.6982449528262284,25.282495580911018,17.5527774317555,43.97835877767399,Low,High
3.379873429365881,29.244276923624458,6.550945418769858,93.85151101734861,Medium,Medium
1.827611579403623,24.073599001678243,12.632889788229937,45.42084054599634,Medium,High
1.4542181753739754,4.307458633456564,6.953434829378226,81.02843823170973,Medium,Low
1.4035281122138388,18.033387980347957,9.043653707233885,81.96402619789532,Low,Medium
2.895133449231289,19.80643032886892,0.5652940209995538,21.19282113238463,Low,Medium
2.6933457698655268,27.775190055391196,1.4583402385401079,84.26072573431614,Low,Medium
2.296111822535392,16.06346214005194,15.653100221111591,87.08279261229893,Medium,Medium
3.188949711517134,7.704100610984433,6.876449825175048,69.12249587589204,Medium,Low
4.0128537549555094,17.048600778169032,7.245859966329724,49.20410220334443,High,Medium
1.1519913492189686,18.560348971846892,9.695561201808939,28.462312551525358,Low,High
4.561257824854605,16.949664060112635,8.268331503478175,25.814572467264874,High,Medium
4.2831297966916155,2.7110966859739083,18.12223502893315,35.11400534712997,Medium,Medium
4.765036256710591,18.07504134622666,6.223848887087531,55.97438807081258,Low,Low
3.7180320909462217,10.149186987984493,15.85003363722932,30.436278974188866,Low,Medium
1.273406859402265,1.3651857673573486,17.96447037664324,66.50713735458389,High,Medium
3.036008734146953,29.75633549036957,19.664319733074915,70.80196529132877,Low,High
1.5109710541707564,1.144202074348126,13.557462409373304,63.992670970172924,Medium,Medium
4.139097284651157,15.079380843810304,6.709532211217395,26.58823922694065,Low,Medium
4.40084392640795,11.310761681445621,4.591746177850327,34.06479067284722,Low,Low
4.8744552613837175,23.38248351182987,17.964583863256603,46.69718787806343,Medium,Medium
4.743892432837871,3.756888574454755,13.480459887871872,30.671727115264744,Low,Medium
4.880306475640004,20.367946444950732,15.571060510370842,82.09115229532176,Low,Medium
1.031226777955561,21.116830634164945,6.453362750194385,65.72711322373753,High,Medium
2.747111532085031,22.473140549124103,8.929558153661626,25.48060538732419,Medium,High
2.452984714248709,18.708639776727697,2.3850033536293314,93.92275939442037,Medium,Low
3.4717378220451747,28.403991060598,12.928611559840064,37.27882205836026,High,High
1.8556914819988708,13.11782940914181,5.8364637514793465,81.20892083518798,Medium,Low
2.5187183323929507,26.7491533115213,8.083897592177626,69.97862815164916,Medium,High
1.8393063323622454,29.474441594225567,14.039070679406516,59.689735531315584,High,High
4.7768946978951465,18.095656141087336,6.8900371028492335,70.05337445052746,High,Low
4.956716933071332,26.774816234770302,6.558991366429723,53.82960925841101,Low,Medium
3.7187005245625393,11.185369289359521,6.277587469675298,74.73677364706964,High,Medium
1.0495532876150233,12.582465093262973,9.20853644733203,92.55794344547829,Medium,Medium
1.5612940790713044,18.033636604267095,4.0194806558247915,83.20593015706197,Medium,Low
3.3132305178823214,21.31780073381863,13.092640518341906,23.924669392691456,Low,High
1.4223025688778534,6.462059325394053,10.009897901532277,83.45837426186577,High,Low
4.893120606533632,11.149928162870932,16.917338124096702,95.62930981035096,High,Medium
1.6236740386513082,23.908499823244117,1.2847049611484174,35.5243104196484,High,Medium
4.6338540570415745,7.54890724515698,10.941224295972525,96.4022609812741,High,Low
4.094546580023043,5.213459647007666,9.276594636332643,81.98622133236971,Low,Low
2.0080226848455314,10.467709164739999,1.5564692927433188,59.79049155274211,Medium,Low
2.126215450912783,25.385780324633064,1.0028804614362041,51.728703946747586,Low,Medium
3.271746107482921,5.794408585435714,18.70791908367401,89.48035124774167,High,Medium
1.058895567445326,22.69356800355537,1.8307023496561148,40.780074888206066,Medium,Medium
2.8244215980688505,6.9632547904361575,15.114198449847855,56.10688261914309,Low,Medium
3.65383329206437,26.266914320904444,16.54961919514012,48.80941723912031,High,High
3.948350762017409,1.1077669078875356,5.211957727435523,63.05603131278563,Low,Low
2.0751883846679102,29.96225597339732,1.4342104176986537,23.4848544457936,Low,High
3.741890340181364,4.49159903375735,2.455798038084467,65.22421531683604,Medium,Low
2.4666687114985324,29.358983645797668,8.68840276236659,32.0358840618573,Low,High
2.0603656077098,17.54624150048604,8.846488067324202,64.51353048897195,High,Medium
4.943887775801375,2.422553605046022,17.730613414103356,64.98260022140182,High,Low
2.2731895433333427,11.672622613737543,7.511777480198479,98.34800194591142,Medium,Low
3.4576400372686633,27.484122965161166,4.639369043155717,29.691085907912118,Medium,Medium
3.3066932710368047,24.96180793606416,0.8504926703818527,53.57975799345647,Medium,Medium
3.2701431458252808,23.944923354054062,11.195169858585814,48.66395308156659,Low,High
2.874319217500556,13.321169884972319,5.7777459874845345,33.777465776562615,Low,Medium
4.125840583322553,13.530427672709969,11.8955242958167,47.89598473113482,High,Medium
3.205322198769205,18.55661078664698,14.110053213262745,74.41706967469344,Low,Medium
3.1841842934324633,12.627223343894423,8.616347815742515,24.594815535595504,High,Medium
4.181819642488327,12.251607922764347,7.671625050865158,21.257326641543024,High,Medium
1.256541008949533,7.56181795799462,15.858045566592715,84.35171575321615,Medium,Medium
2.343655380426758,4.892914153718563,1.4834526056984476,99.37373715587276,Low,Low
4.3603086387508965,24.394728273297098,0.33078898579753213,34.94463185523988,High,Medium
3.8216354958939354,28.17328128585217,4.496771494359491,57.45740768703753,Medium,Medium
2.2854092232609013,29.697379438896398,3.153773441462946,61.30718550706612,High,Medium
4.955350531120374,23.705775213051123,1.428024021738139,89.79305411893614,High,Low
4.36884032084104,19.79687342040676,8.08040205725627,21.293563196361582,Medium,Medium
4.313998848577077,29.43618028636951,6.485151740327262,38.86025440038267,Low,High
1.2147887517574971,10.088761282762134,2.9886380428403814,66.4141095837227,Low,Low
3.14831816319036,25.632723394049,0.9897002710774161,91.13812749307372,High,Low
1.8709161369880984,8.44550643890493,2.0177760421171786,68.44562191151442,Low,Low
2.880080838290787,1.5693358702419467,14.671167058710132,53.416174134288454,Low,Medium
3.4524878949662394,16.39909076254591,13.659288373773744,70.99126802986395,High,Medium
2.175347822487842,22.92189300491988,7.650034613714687,52.89287726770793,Low,Medium
4.1164167493545865,22.018889734667628,1.1905239374364496,66.52066476992579,Medium,Medium
3.6381212761199224,16.881288890025147,9.89271880831179,44.872962308974266,High,Medium
1.3947236699355097,17.58355139380327,1.915357723992539,32.82757151241326,Low,Medium
2.5252425598083117,25.416795178132105,18.137927832676553,25.75115636800107,Low,High
4.791668315737988,21.788278995283175,17.62933529759112,71.0959275906538,Low,Medium
1.3588318057585242,19.141136751952182,9.904303853430925,42.01392215220665,Medium,High
3.2306449904896652,9.04389858666574,9.517850216589814,57.66081773341618,Medium,Low
2.5424823895443676,16.379649926019393,11.97668029301168,94.86407808436967,Medium,Medium
1.1399299532322513,8.570937196964547,5.574146912414173,92.74882613799744,Low,Low
3.0880936706573947,24.966032936617577,11.528797172855752,89.92693700219496,Medium,Medium
1.9612915229793226,11.404085456517995,18.29330214847499,66.00900535514893,Medium,Medium
2.147614195648409,10.338933973289127,11.255910704165025,42.27859648342313,High,Medium
3.887638295969216,24.50930743102186,8.237949567242225,79.7135386275284,Medium,Medium
4.908155014465768,8.911857397525864,3.1674604105840043,24.16302701556483,Low,Low
1.8162922336072276,21.108455075352953,18.340911803089522,51.568396132899245,Low,High
1.190732576999053,2.7725633844472393,18.837501002945054,87.98971428488437,High,Medium
1.989378684573376,12.639092122917026,14.377281457676217,90.08262972170121,Low,Medium
3.62009878562036,13.929639391762814,6.9315597575155845,86.87392584222508,Low,Low
1.8736925146522383,18.485481290027522,11.171468434165321,50.40058913926015,Medium,Medium
3.6392532811522393,21.914948623896365,3.0131947641533707,90.65325423804941,Low,Low
3.991106553088403,12.52616384434378,4.2084096748303645,61.70166455134953,Medium,Low
3.558466929728248,6.0147524311905745,13.655138494670398,54.176242182546765,High,Medium
1.4736063365660113,8.269023421205517,2.7948131912870866,51.21365722173785,High,Low
3.931689038522277,4.152560409216385,15.041187369007364,23.656385971086998,Medium,Medium
2.8279214385120195,10.519896513186385,3.16478525348427,33.409140491730355,Medium,Low
2.7464582488069054,3.6802119131421804,18.31900941024689,82.27944795627032,Low,Medium
1.2337239634183006,17.247832192312217,1.693523104853798,92.29966164871533,Low,Low
3.7929319592525204,27.85947872174405,16.229060608273812,86.28308607416395,Medium,Medium
2.3088000881557167,19.2263674725828,3.4531307166479785,40.69121893098573,High,Medium
1.9322003940984622,18.070666421765786,18.463520569126597,79.84714925625012,High,Medium
1.7462554385386388,26.946603207379102,4.970720040256726,27.30471020625286,Medium,High
2.286353056896196,1.5636195002867577,2.2141137761302176,84.94865783278223,Low,Low
2.493261625463764,26.362717824827822,4.266931491202531,46.03123388489916,Low,Medium
3.92078106464622,9.660734394015506,10.858042629552385,54.668449617430504,High,Medium
2.1962572384353725,11.41575422038464,14.354067234186738,68.90444136443094,Low,Medium
