category,cost,sellingPrice,additionalCost,rating,salesVolume,demand_level
Electronics,51.058847279103404,87.98421909551702,4.771772673179301,1.9765020889910967,High,Medium
Electronics,43.364436250513876,50.233494017184285,4.554815795080826,1.9875042513544048,High,Low
Clothing,72.665706042822,89.61703383580415,14.968366790685186,2.06712405710114,Medium,Low
Sports,37.781768562534886,63.13016954234412,10.529876321766736,3.1237383332685456,Medium,Low
Beauty,12.681066001607949,18.168023901361586,4.390239135883962,4.2125590255195835,Low,Low
Home,82.56102795584147,150.13810551545896,3.1100456155160128,3.0327951069628747,Low,Low
Home,61.134829602882974,104.52881618876395,1.2322296049899861,3.048372233197124,High,Medium
Electronics,70.63908511973426,102.2897615732279,14.114219842314283,1.550083776583973,Low,Low
Electronics,24.8618039700828,39.4632204138606,10.74098159083115,1.9142000871891987,Medium,Low
Electronics,27.97596763554291,33.11774041612277,13.561020611346574,4.601672228653322,High,High
Electronics,31.492778496257277,54.49264895258972,12.853255991336283,4.42529716751237,Medium,Medium
Home,93.88532445099001,169.6326225470349,10.3658355659992,3.3227464857458187,Medium,Low
Electronics,68.0326680652653,75.1458526201167,3.2513127198449814,3.1949351574663445,Medium,Low
Beauty,72.6570260280159,95.43676044365772,5.555595774229748,3.9859656204720966,High,Medium
Home,67.47322476853262,108.7315999630565,2.3114467495932947,2.470863212237734,High,Medium
Sports,51.24050453114823,98.1506181182475,7.081521117146001,2.4003136307787027,Low,Low
Beauty,68.54778566799448,128.71565996339726,4.222593755381774,2.9967735195390093,High,Medium
Sports,88.9319321152946,157.6715930442426,14.343005858335346,2.323001218682055,Medium,Low
Sports,59.36778457122964,117.68466587173653,2.054847584085795,2.2227880771487274,High,Low
Clothing,57.89611993354327,112.46548809995211,10.744417153449621,3.28024468035746,Medium,Low
Clothing,29.145546661625183,39.805866388940345,5.515710699340407,4.394679179698698,Low,Low
Sports,33.16846364654086,49.01644748009184,4.586897210322412,3.446054843462722,Medium,Low
Electronics,64.64996942012043,82.41879100044396,1.9931728379989873,2.5871353088555535,Medium,Low
Beauty,59.992165073218075,89.66589235213192,10.40836589413279,2.3126106698989277,Medium,Low
Sports,84.69868269658951,158.75617494760317,4.503519047222097,1.1553389377176928,High,Low
Electronics,83.64755535982093,112.45482187104216,14.513525625470777,2.829060646454914,Medium,Low
Sports,23.46610322951294,34.50029943239519,10.793170950740713,1.5534123696712054,Low,Low
Home,46.70228496703543,54.670196514775,1.3549104078164051,4.8505936587117,High,High
Electronics,70.4074905727098,81.13577815441833,13.812992186770726,2.7694089189244178,Medium,Low
Sports,75.10020708609801,120.07912152306928,9.56409044728093,2.6784002497111596,Medium,Low
Home,76.99538049411507,85.69232746384378,2.625016967096827,1.184010568087011,Low,Low
Beauty,21.45417764145144,31.976732723105922,6.579066281563228,3.463400392208866,Low,Low
Beauty,9.30388092834423,13.371085065845005,9.76203881999931,3.012545034320351,Low,Low
Clothing,7.518574501454072,12.234209565642868,14.163223379949406,3.301896711503516,Medium,Low
Home,66.11238075202355,99.99018944642737,8.638635050423089,4.765859235106101,High,High
Home,23.600157804983162,27.433417467073017,2.410892019283973,1.072887302606199,High,Low
Clothing,69.8856434745539,81.3517658771635,5.4656588241126585,4.379501243877819,Medium,Low
Beauty,70.82458407573424,100.1107580991838,14.113074125979901,1.156745306702585,Low,Low
Sports,96.92015239442351,154.41073422290333,6.928593192313659,3.2740811349998333,High,Medium
Clothing,28.751562675529943,46.64911174421153,13.13963250093611,3.2474667685750944,Low,Low
Sports,75.29133224250057,98.96387103929135,6.288204406468128,3.1373098941222537,Low,Low
Electronics,10.081103191000047,19.786053678741705,12.860004017338257,2.4196207618508825,Medium,Low
Beauty,59.47659937171218,99.24583517160978,7.278237307696477,2.172843086792258,Low,Low
Sports,80.2000091539556,145.21465412157855,2.276885442681665,2.977681218810326,High,Medium
Clothing,46.945397630470815,89.14620064755636,5.912810175729102,1.4682680657104235,Low,Low
Sports,84.65567255757858,125.585194165371,4.116069845994428,2.5866064078170075,High,Medium
Clothing,18.92745806074242,29.564567443282833,4.26519301394339,3.3252216689071292,Low,Low
Electronics,61.229430188022015,86.65167052504171,10.914536738164797,2.9266679518564613,Medium,Low
Home,28.628794670877355,40.00093279650825,7.082325822835799,2.014728695492555,Medium,Low
Beauty,77.88351104531431,143.34548346237557,11.418963197206171,3.724157708387636,Medium,Low
Electronics,40.612705054751885,55.1171621818958,13.160387794652443,1.8943833540778106,Medium,Low
Sports,99.33165563133353,115.86212265403174,8.753959981618491,4.877210142476396,Medium,Medium
Electronics,25.596865125716665,34.940861292118306,14.941639250411189,3.7877002234552593,High,High
Beauty,36.887706155711506,46.209668963168745,10.055877063362134,2.5530735359594887,Medium,Low
Beauty,12.38479051167356,24.484177574588045,14.80695042271444,3.7926468560789806,Low,Low
Sports,70.04946139261853,87.30651364486354,13.752980582913795,4.290148971692676,Medium,Low
Home,73.9433532968942,122.15986752227094,6.855402508068664,4.730913933416053,Medium,Low
Electronics,78.87221695484642,120.85850663435347,14.794004709317061,2.506955879751763,Medium,Low
Electronics,97.1418677923873,180.48055915867093,12.73660186595593,2.874772639179881,High,Medium
Sports,99.9731789621824,199.6437544441843,8.776043878436784,4.075949660722042,Low,Low
Clothing,85.71650211435409,113.36978500323654,7.307617894341309,1.51663766060598,High,Low
Electronics,68.8115650185564,113.97365596767897,6.014278052459767,1.454230368798516,Medium,Low
Clothing,54.429231585860364,97.7051816860649,8.282289015567908,4.408726001274161,Medium,Medium
Sports,63.92940737857914,110.83261020608477,3.9814982611247505,1.545485902347079,Medium,Low
Clothing,61.042180251190146,88.6954868093996,7.124648908332206,4.616634777974994,Low,Low
Beauty,33.3061478964853,52.33202004563688,10.766986200908487,4.185887102695509,Medium,Low
Electronics,51.751047842556126,68.95412855134967,7.4279005873356585,4.920130301141908,Low,Low
Home,27.81383378392834,32.494262160800176,2.804316106749089,1.5121833558310898,High,Low
Home,18.188581401693963,30.49838175959216,3.5463211815880276,2.382669133295453,High,Low
Clothing,62.18386257639122,80.93006843098532,12.505068915822289,2.380330511289547,Medium,Low
Sports,8.021444741090686,12.7849297934577,8.481929052255321,2.4239659370879445,Medium,Low
Sports,35.55036264460276,42.058266337266446,7.736035516788105,3.751138868384332,Medium,Low
Home,92.48287805052226,106.81496481712334,4.876287074060852,4.224805119172245,Low,Low
Clothing,77.19576384907063,121.82565935033315,11.087224859480507,1.2493654500449658,High,Low
Home,72.76821065903248,138.6733714983413,8.163484189619325,3.1284539410612626,Low,Low
Home,28.034697845299316,37.63150499373148,6.281978283464717,1.0802847911109055,Low,Low
Electronics,25.08756066467174,34.990815452393434,2.676669845469517,4.56210912295958,Low,Medium
Sports,50.56029966665377,82.19990054434695,11.31551465552878,3.2309690638017496,Low,Low
Beauty,17.120128765578556,23.20459368519498,6.083152149580892,3.583668965326405,Medium,Low
Sports,93.70072325718809,103.70617333035747,4.154659167975395,2.4614272786962306,Medium,Low
Home,13.349324331313667,24.366233330737426,1.7791488509976547,4.369256141192727,High,Medium
Beauty,99.73927580299747,190.19773585920478,9.06397784927924,4.6695824523421265,High,High
Electronics,51.621134029584525,90.36829209640153,12.492060624146935,3.8738290833462146,High,Medium
Beauty,24.482368214198615,48.25951348440299,10.953334703714475,1.798027709353279,Low,Low
Beauty,15.909498350224336,26.243640887301932,5.040827745363581,3.324952885690449,High,Medium
Home,9.923235998130556,13.921742919392411,2.8818054771456394,1.253499881891071,Medium,Low
Sports,70.03429704858416,82.57613001692222,2.9435468281882855,1.0108435976573187,Low,Low
Home,38.14248532158455,73.86583042015498,12.628671709028207,4.86010764266605,Medium,Medium
Sports,74.4324101443462,144.73429872220385,3.537262926319242,1.26598506946711,Medium,Low
Beauty,20.54731457224193,25.63974495065972,12.404046083239349,3.6607888827848005,Medium,Medium
Beauty,35.03867531816699,57.0946807906075,10.561748887839855,2.807794405196157,Medium,Low
Electronics,76.02289111674385,118.02161195876901,4.250977732055443,4.598298293098274,High,High
Clothing,56.63752180582892,108.50757454242908,9.73933194279589,1.4675921628334563,Medium,Low
Clothing,18.230846903021792,33.082108089780675,9.68101858299919,3.133844367905286,High,Medium
Home,79.91673506633042,98.81763363480128,5.364108949137675,1.993956559257863,High,Low
Clothing,77.4335751453656,146.27892069706087,5.789144482022705,4.285029218688051,High,Medium
Beauty,48.41502083175944,79.5730925770416,8.032036864475423,3.159442548451347,Low,Low
Clothing,6.159291870214229,10.09260599512581,8.917116862521635,3.8647162989318087,High,Medium
Sports,83.54588864186243,164.0145578933257,5.795339600499608,1.909403932119948,High,Low
Beauty,91.62597884008164,112.26056843886819,2.4111244422224107,2.024062127414649,High,Low
Beauty,14.710203101393962,28.344729515303978,12.061184919737213,1.09209041915055,High,Low
Clothing,11.547546239885785,13.505882585018469,2.459457524725333,4.361758527921692,High,Medium
Electronics,15.757614354871748,31.30024882299311,12.744573210243077,1.4986507248130674,Low,Low
Home,61.17116639576828,89.25499774706618,1.7666629435084387,2.3407889665836037,Low,Low
Sports,62.353545514363205,75.00137423114268,6.8030641788507875,4.454072562451827,Medium,Low
Clothing,92.25319886923361,150.22154822412767,1.4598533834081369,4.650997851516515,Medium,Low
Electronics,52.34493841025058,77.31519641879753,13.807842614953401,2.4495755964665324,High,Low
Clothing,68.0360503415875,85.74123297985349,14.454984444572371,1.5946509110124518,Medium,Low
Beauty,55.83162329869757,70.68376102325561,5.194342764730679,2.2397477050744437,Medium,Low
Home,38.19176490968664,58.10528132421461,9.749663818714732,2.510903789760677,High,Medium
Clothing,32.9342445259923,57.39296924131286,8.387068222027,3.1378235650289876,Low,Low
Beauty,22.283172397050755,41.79447544286512,14.245616469870859,2.493237265119012,Medium,Low
Home,66.17995660770649,97.14296100510015,1.355408979244828,1.6246103894647614,Medium,Low
Electronics,26.087355383630197,34.121408226906986,10.406498410382198,1.0788421510174566,Medium,Low
Electronics,80.99202811045299,102.10585578076662,10.138445509926246,1.952731124186906,Medium,Low
Beauty,94.71892392984097,116.21762513485689,6.689492315829308,2.2959602444271985,Medium,Low
Clothing,13.123310431174467,16.890981748882,1.371450854233476,1.7257417403591893,Low,Low
Sports,37.472648411298216,49.96906805198842,6.315693714341736,3.361179770059231,Low,Low
Sports,43.89410695816784,70.09197385602928,7.105771407894434,2.1778630381676707,Medium,Low
Clothing,58.74877889682325,116.72387050964755,7.594916337713402,1.728428555286333,Medium,Low
Home,53.68347730878255,94.88652585630867,10.783841944252663,2.610200174387922,Low,Low
Beauty,17.566240056906388,33.560566371504095,10.677106006535162,3.7327354257819256,Medium,Low
Clothing,55.317859472232705,101.42800511878524,7.97327054915408,1.2687015996628404,Low,Low
Sports,6.044603722555646,7.393741544981669,13.600260985873472,4.495560310250061,Medium,Medium
Beauty,65.14431601895751,100.63796632483621,9.02612129451161,4.352427852713183,Low,Low
Clothing,20.796920031827543,36.69055552646804,2.1591813509517706,3.412608437865553,Medium,Low
Sports,41.98308333398777,57.089619555346715,5.979418030509288,3.876183620736982,High,High
Sports,50.956719483579214,68.43080283235527,8.557798904714708,1.6480555115663384,High,Low
Electronics,52.154793484117455,85.3856668074886,5.679414471437451,4.083648814983288,Low,Low
Electronics,52.071675039588854,89.5404818384811,7.087582740452447,1.9856081329564272,High,Low
Clothing,80.94450850205303,139.64763730453848,4.810031921219478,3.3609226674763484,High,Medium
Electronics,17.997769937301335,35.189484882938594,7.24408082141138,1.7405317153544786,Medium,Low
Home,74.56136420890832,136.1419701820066,10.222967133950043,3.76910625807141,Medium,Low
Electronics,94.68563727022826,107.51403848121514,10.878052415219639,4.700993269662663,High,High
Clothing,58.9547969024998,113.42546057857625,1.4752437002011838,3.7896810689873597,Low,Low
Home,94.70531646577622,144.59539482735758,13.068597113850387,4.378197594140282,Medium,Low
Home,83.74697004431435,94.91101659708215,9.347778298748743,1.9200353491508122,Low,Low
Clothing,73.85284329523233,85.58220406059225,5.414064729628545,3.157965169501349,Low,Low
Electronics,75.09629785611988,117.76235702496918,6.975438793168101,4.506661511449797,Medium,Medium
Home,11.652822046009748,12.917583113702635,1.7375737036812002,1.3541736424544726,Medium,Low
Sports,50.579226051367954,82.07397371528567,4.803617594966057,2.5931495359025423,Medium,Low
Sports,74.56582168254128,82.24697566263923,7.5423507315271365,2.188011505819529,Medium,Low
Beauty,72.97756494725299,118.96785714377596,4.88171903975483,4.641356408230138,High,Medium
Beauty,25.734119347181096,50.3093043165673,12.008830201817728,1.357644009249038,Medium,Low
Home,90.8537768816507,180.8232211516066,11.406939520510738,1.259945637931576,Low,Low
Sports,16.432182393324616,18.769673836712446,6.377268560877494,1.1469277497064545,Medium,Low
Home,83.48954110042676,152.00879954551445,9.816890921946143,1.865296092146214,Low,Low
Clothing,51.66270238251953,103.15503141347503,13.564106072646855,2.8535229928624797,Low,Low
Sports,56.01257017487429,91.50470793118738,9.121206909729356,1.3659473495910195,Low,Low
Sports,89.43106758755283,175.2926147018062,13.069786641716309,4.238064298899513,Low,Low
Sports,74.845202179728,101.28440940007638,4.537087315452391,1.0203285592721039,High,Low
Sports,25.917404185232076,44.446608790536224,2.0658320328642024,4.404827656195074,Low,Low
Sports,91.1188033472351,147.08279216754673,10.269568141491904,3.175115631989597,Low,Low
Home,87.47527638489696,115.5335817779134,3.2027692358353637,1.6416004213202884,Low,Low
Home,27.675552973596663,53.60979656014336,2.481677313600176,3.7959629521583507,High,Medium
Clothing,17.24263740997729,24.16740075488869,11.409115588082509,1.6430395841932328,Medium,Low
Sports,53.20943470727944,58.83618793975671,5.018533864448779,3.467707673502969,Low,Low
Clothing,65.23054179446308,103.4547809658681,11.91783553211601,1.4279225553078336,Medium,Low
Clothing,46.06287446978867,85.4977321048926,6.490116960232752,1.7179892936953336,Low,Low
Home,20.805870758565874,37.32335742699962,10.92000806443681,2.894295553740354,Medium,Low
Clothing,12.095969686996131,22.585270346271926,14.862077218509059,3.7042090287470177,High,Medium
Sports,7.101737395254739,9.880286450119003,7.84100466566532,4.081629671231173,Medium,Low
Clothing,20.099136911291872,30.584564699792818,14.220250889409618,1.408774478774876,Low,Low
Sports,33.3455709440493,61.8877940304093,11.819518920235263,1.9202147321257357,High,Low
Home,87.46516064056782,172.03636046984627,1.4382323924652274,3.9250802678947423,High,High
Home,31.05044422312365,61.653137412735354,6.730676088410602,4.576396814716538,High,Medium
Clothing,25.244946882382912,28.47682201240728,10.12333555526239,2.4741053748950446,High,Medium
Beauty,22.62492399179651,42.57469622823443,11.872355939084384,4.083687378576208,Medium,Low
Clothing,77.29727913958489,128.59162135716508,2.837428287553426,1.1301047179650077,Medium,Low
Electronics,5.11702434081046,8.384216436353316,9.502290275677398,1.9901598224135006,Low,Low
Electronics,20.278419562428056,34.196868109486026,5.562956495329049,3.36105575554249,High,High
Clothing,50.594189298126736,82.97540610282185,5.083276101930245,3.77992754450617,Low,Low
Beauty,79.08584394486823,89.8143877542563,7.727097261609606,1.4197207136726995,Low,Low
Beauty,71.73417220168987,115.03893095218825,1.1367918638685712,2.3058452329759676,Medium,Low
Electronics,13.347317418759168,18.89398521240802,1.464843523079132,1.314313988620083,Medium,Low
Clothing,8.912432051530809,15.180963618010122,14.321699640974577,1.4968798669122374,High,Low
Electronics,93.94016339315053,107.72815152263955,8.578148694214986,3.8362420778036657,Medium,Medium
Home,51.01785251953386,86.46189877508613,8.742020336287418,3.3899034505277204,Medium,Low
Clothing,50.68586398765356,57.61354175692625,3.2959927338529615,2.7544288659581535,Medium,Low
Sports,67.57723867258323,104.6349842926127,8.775089713126837,3.8768071130890553,Medium,Low
Sports,99.65172202539048,197.04272973178192,10.104559608857116,1.7981698037165805,High,Low
Electronics,84.84297859630868,106.6284498301751,14.450927720817678,2.663629464587763,Low,Low
Beauty,74.8582783732465,134.06754588459592,8.06782834650225,3.1732020934531535,High,Low
Sports,42.57394113565645,70.05839359664945,9.3681299135821,4.171824378422526,High,High
Clothing,99.25266505236388,134.53391816403172,6.028114415327241,2.535388607471185,Medium,Low
Home,78.72001966836581,115.30744466107119,9.42597537126812,3.5301621329052244,Medium,Low
Clothing,22.19281050740153,41.477177387891345,7.891889990272487,1.9889242976127082,Low,Low
Electronics,67.94902150579043,80.5695572837841,10.12972543742613,2.2485922267857883,Medium,Low
Home,67.38998313142275,93.85207909291266,11.828623759612409,1.5234946428733993,Low,Low
Clothing,11.982190996351203,15.01107457369576,8.276835279784247,2.348012705725145,Medium,Low
Electronics,45.93431474787156,60.80981393405402,9.64002981245642,3.8271088675417833,Medium,Medium
Sports,79.2700813352778,137.52146554501243,7.249161051176198,4.456864710696676,Medium,Medium
Beauty,56.29105475271019,63.652179091899804,14.813701725000262,1.4918832341185069,Low,Low
Sports,13.412780501207932,16.001152880470535,9.185389806196243,3.7528314634663817,Low,Low
Clothing,96.68627616142433,106.78476930233762,14.325364995925346,3.5564797512620014,Low,Low
Home,51.44042512440742,87.4578704544477,2.9551175665883807,1.1198943594907118,Low,Low
Beauty,71.94467245998143,92.20919215409143,10.428054066548842,4.879648184429081,Low,Low
Sports,96.5179491179379,128.3472399766264,10.262852905196056,4.914525149602122,High,High
Clothing,6.6640191318959126,8.794723038023228,12.632280678783877,4.458435343820147,Low,Medium
Home,94.38315885211617,174.05717387316386,10.337601237872702,3.3087409468469926,Medium,Low
Beauty,20.132307298066486,33.10674447337219,5.453561750653673,4.465754670110582,Low,Low
Sports,32.42513157541062,38.851749482485815,10.10716306908402,4.060763458223139,Medium,Medium
Home,81.74536448441957,146.00184949789394,12.169391084020884,2.742333259251732,High,Low
Electronics,36.1962166490827,60.34589346379301,9.537645276981724,3.253755709393835,High,Medium
Beauty,57.10747355689029,93.47562155339853,8.639616438936628,2.777677811004806,Medium,Low
Clothing,77.13771115267227,119.59436740103273,8.593091309716336,4.805914238663965,Medium,Low
Beauty,7.435996251611391,10.463361687161296,6.322738663001999,2.595291123587602,Low,Low
Home,77.66390984650218,142.2559868374772,11.053723067170921,4.822094783819739,Low,Low
Sports,23.59890863993688,26.119427540028564,10.064645998164442,4.592122195799948,Low,Low
Beauty,93.77142254652385,132.82350842505898,2.4198915982890314,2.9434870367453025,Low,Low
Beauty,68.65912328803947,132.96836770932563,8.451642986746563,3.323728213051191,Medium,Low
Electronics,97.788897672945,180.01533906053962,8.314734567225656,1.4928906166886642,Medium,Low
Sports,22.535587306018133,30.77798873628632,12.107701614069722,1.7409137861896387,Medium,Low
Sports,65.14938068143212,127.44932342028284,9.422565482048636,4.276755437707161,Medium,Medium
Beauty,26.667578335148583,34.42358630959845,9.553733843913884,2.644113879226819,Low,Low
Electronics,27.502703102575797,49.57287877159661,4.847284497673906,4.290457274054713,High,High
Clothing,81.90534769800196,146.60979605435827,3.095855551397408,2.695779251653208,Low,Low
Clothing,49.9247367351523,78.97206147284066,3.4982435131888097,2.249087144195184,High,Low
Beauty,24.587685629250508,41.16383567903186,4.596373867040008,3.528061944081674,Low,Low
Home,61.71945710509071,105.43270207801903,7.19803753491338,2.783163658308916,Low,Low
Electronics,6.503003717730332,9.149602817016293,12.461898799669259,3.412877640853489,Medium,Low
Beauty,13.1375337116609,25.02400356733045,3.686142546062401,2.293486248462083,High,Medium
Electronics,63.629799422586444,95.32818933358688,12.646083585519909,3.6784104645358475,High,Medium
Clothing,69.61253345482788,91.03553098741169,7.396021028325161,1.7612994512762712,Medium,Low
Beauty,67.87472303569098,108.73565081036257,11.229107143349445,2.8608224491348726,Medium,Low
Sports,65.32120433114815,116.22954869017404,3.3866911344348454,2.6379114120208156,Medium,Low
Electronics,83.07161217060325,91.47123307088117,5.211943516945571,4.924945497377216,High,High
Sports,75.03212137568809,134.4380399712563,4.411194024894133,3.686233774452149,Medium,Low
Clothing,79.85068888776517,149.97696707159662,9.518809777237077,3.0273537272819304,Medium,Low
Electronics,13.326060942564661,25.896028382113318,8.753231369973268,2.222097242632094,Medium,Low
Clothing,62.056461669258645,97.06322441081016,13.871487625001842,2.987853931623321,Medium,Low
Beauty,93.40654539117205,112.52964483377647,12.444295918876682,2.5224931739063203,Medium,Low
Home,80.05289144917083,110.00958203822597,2.1328699627175305,2.611920715060646,Medium,Low
Beauty,59.43893574843069,115.27929962165261,9.052286906952748,2.917417760551407,Low,Low
Beauty,62.60523972117068,76.70883682319223,13.575662782097883,4.317329620565134,High,Medium
Sports,7.452131160201263,9.103893499918875,14.483611562248434,3.198118143580068,Low,Low
Beauty,46.75361042012646,55.875156396964435,9.971568405662888,1.8641527300383984,Medium,Low
Home,58.62190361449384,74.60248133993453,3.964574909316697,2.9384063480754588,Medium,Low
Sports,63.85228638372083,87.3256347499903,7.024720485124897,1.6826590341999936,Low,Low
Home,21.887806845868578,37.700789700730255,9.652723440020605,3.5327585040538563,Low,Low
Sports,63.44584663194603,87.27789952455561,9.734541708082938,3.1081658556466065,High,Medium
Sports,38.65244284225358,60.798520754063574,7.742887851488073,1.7075485805754176,Low,Low
Sports,6.0479701207214855,8.917965384742617,7.73881812289453,1.0767691072922267,High,Low
Sports,25.44417784163756,28.266158456857184,4.3768204063935805,4.903495019640215,Medium,Medium
Sports,96.15978121049817,147.9965036455022,2.536306781485049,3.191837955894772,High,Low
Sports,51.38290801706893,63.46014188122533,5.54546297646084,3.9494283095511986,High,Medium
Electronics,63.33772456254993,118.67011231584372,6.493512101398643,4.824888762595793,Low,Medium
Beauty,12.259601646614886,16.56800500846495,14.02446438772953,2.012233731203138,Low,Low
Beauty,65.53414029678663,110.97672752522857,13.53164836989151,3.5466787286688293,High,Medium
Sports,19.266055077618958,33.979356229236686,8.171106891377443,3.7209111168334132,Low,Low
Electronics,75.88968946077466,128.4912602377519,12.229827813786224,1.4214701358112238,Low,Low
Home,97.22124597871367,189.39513923663546,11.973797474747434,2.4193654410275616,Medium,Low
Sports,57.213524153297826,105.70089943212555,1.9619796552557487,2.6971875435395525,High,Medium
Electronics,97.71913071188528,166.18265448266865,1.145987791563643,2.021653938740878,Medium,Low
Electronics,66.1709040864074,104.36950893149071,1.5873171280429077,4.873955110377535,Low,Low
Clothing,62.1787510154506,100.9895082223784,11.473024512013449,4.24707915236055,Medium,Low
Home,9.1548844585971,10.983363586220667,9.37944205958112,1.3800467959692186,High,Low
Clothing,94.59220458574723,124.54231386028471,2.701019268212853,1.7898819594397493,Medium,Low
Electronics,66.35202720224457,90.06067547368187,12.423257145560642,4.445479985453744,Low,Medium
Sports,76.72898323089643,116.20493618114774,12.787979740460862,3.913962708646453,High,Medium
Beauty,10.116529664812482,14.042287942485832,11.54462270278764,2.0773251932081003,Low,Low
Sports,73.96809144860308,135.80591865122946,3.9891591283494066,3.023410771807316,Low,Low
Home,77.02757605227104,136.26805265647312,9.567167074722635,1.4237228502339718,High,Low
Electronics,77.30654601910001,96.17432731358146,7.461804641877059,1.0373264793083732,Low,Low
Beauty,74.01386293573546,147.48216644703223,2.3884933942210225,2.605977263445153,Medium,Low
Sports,74.6417731228191,123.48637203785108,3.632346284615826,2.4215382747429577,Low,Low
Electronics,57.65151884254158,63.68801637413334,11.653870640393315,1.1412454197609563,Low,Low
Home,84.98718529218733,129.45988715906134,8.02870298883826,1.498856227645562,High,Low
Sports,66.11969209161951,119.17147491728538,4.0409273676769475,1.5512915966369416,Medium,Low
Sports,7.761781132675605,9.70375242912442,3.538469918957073,2.550694379001577,Low,Low
Beauty,53.460422687388395,93.6126370454608,2.4579230108840244,1.9017550218547754,Medium,Low
Home,30.63296841218036,56.442606521878886,7.975579551688351,1.3082331165373247,Medium,Low
Sports,75.86289483729908,150.49470720648426,3.937787927989732,4.300522670664461,High,Medium
Electronics,46.23183978651815,54.54156854813823,4.088567337956958,3.3929011762549552,High,Medium
Home,74.69350385401968,102.29269074390987,3.4287210397234014,3.550213057880919,High,Medium
Beauty,41.464130433639184,66.95151127799409,9.228771052070774,1.7379050125345574,Low,Low
Clothing,36.77857243048355,41.32355946150003,1.3386846944789734,4.326788174703093,Low,Low
Home,94.36452828595735,125.82255581735481,7.015195378345091,4.490921001938407,Low,Low
Sports,50.68607007154162,75.60650286807241,14.122946119022103,3.8240760306560984,Medium,Low
Clothing,91.39206824079764,164.70603204670653,1.0984088533906682,1.2291210043104934,Medium,Low
Beauty,17.478193773766137,25.49985322115195,13.916722813229056,2.888241736787993,Low,Low
Home,31.183172174499813,56.39208332679921,14.647685138935566,2.484828375559993,High,Low
Clothing,85.25499644717203,114.3546681769213,3.1893452616482714,4.412358493614602,High,High
Electronics,78.32648398725402,92.25153468787697,4.314980330359395,3.929794927352359,High,Medium
Beauty,17.158879810690706,32.49758087573589,6.508269851890281,4.311473501288692,Medium,Medium
Clothing,23.163116639154957,32.531133290252804,5.321782407224734,4.7881439509548915,Low,Low
Sports,15.83909956435367,19.579061742001876,4.1544370193172915,2.003866645361192,High,Medium
Sports,26.603902106830997,38.93694140511937,8.595641247535921,4.166799953813406,Low,Low
Electronics,63.22551528188517,82.41650428970146,12.856862193239838,2.714522187881903,Low,Low
Home,66.84247937934065,106.33894395257438,1.8718234823463986,3.0500105950813268,High,Medium
Clothing,97.9158727074852,177.6772363772815,7.961583024405634,2.3591098862475404,Low,Low
Beauty,54.34165665287405,69.7960513872127,13.289621094128572,4.518327419806116,Medium,Medium
Home,94.93060564896268,152.2842631690596,11.51021309799086,3.2319229551305595,Medium,Low
Beauty,56.176670805507854,86.96324233409455,2.476631799392828,3.627120418897176,Low,Low
Home,41.139900713218424,73.97162586969745,14.502673154611362,1.8150658365107564,Medium,Low
Electronics,59.87136975870996,100.05249344175823,12.170798234622517,2.5838818906498195,Medium,Low
Clothing,20.00570816935806,34.53603819235268,12.105658906135561,2.2670467082701067,High,Medium
Home,98.43453990794609,120.74378096964193,3.8282193576348593,1.7368993569521045,Low,Low
Beauty,82.93586320765246,114.60457385601923,12.180305813358517,4.871023508413556,High,High
Electronics,44.68729303113447,88.73552591582042,10.35087998325078,3.538685093015766,Medium,Low
Clothing,45.61152035245844,56.83241344843087,1.1765052796606266,3.2390227345535303,Low,Low
Home,22.80413468927031,42.69753475489069,12.466889194063185,3.1631750199421775,High,Medium
Beauty,34.8632607524561,53.13339121451515,12.502916567946603,2.8370607886928556,Low,Low
Beauty,36.84476450023291,46.29122543070079,10.968196284630931,4.303912850832328,Medium,Medium
Electronics,27.788040711814748,34.11745587127049,5.871179762150333,2.8014039156216506,Medium,Low
Electronics,84.9375175430522,129.4582351411847,14.707469132212163,3.5365685531829474,Low,Low
Clothing,35.88488146601141,61.639262702595,1.9749760742736804,1.6995257487038375,Low,Low
Sports,8.152988683430491,11.19855196449008,10.144279067437962,4.753219273793931,Low,Low
Electronics,79.90249760906337,135.71330656401827,4.644016005924042,4.628780122823319,High,Medium
Beauty,41.25313428738401,50.16231961313509,6.7786558097243645,4.209417316637056,High,Medium
Beauty,6.710008449795424,9.92611306687638,1.3804502252718183,4.864973642827193,Medium,Medium
Home,83.47370990832432,144.3580847811009,12.752452733010736,4.92719477304251,Medium,Medium
Electronics,33.951354061682665,62.689654198994944,4.941296777809019,4.491015358264512,Medium,Medium
Beauty,14.170774668566878,18.672892775999284,1.173656507882407,2.8750718618580233,Low,Low
Home,12.052882933896711,15.713540484175846,11.223446059262043,3.3952331855339657,High,Medium
Electronics,98.95769404326651,164.6219184527211,8.438431287952827,4.352608734207697,Medium,Medium
Beauty,60.366649332931516,120.4854189917133,12.979745313725552,3.085782756174358,Low,Low
Beauty,15.918634720658849,18.855170042402996,13.734775472112293,3.6768010517523138,Low,Low
Clothing,88.5029955268154,142.89650440361737,8.244248924570577,2.7217096412839608,Medium,Low
Electronics,37.37749148003543,46.65990023666486,3.38814676179926,4.792433280685769,Medium,Medium
Beauty,79.93621507100916,133.94471950713148,10.469969072737491,1.526773753888154,Medium,Low
Home,75.64142203677318,117.67078044270419,9.877456439268638,1.2837288645350937,Low,Low
Clothing,39.376043854488174,60.05807540085864,1.6390824370333723,1.5600963902132707,Medium,Low
Home,47.509473425633495,72.54029456410504,9.272144177794582,3.1480299534054335,Low,Low
Electronics,25.811536864676487,29.24574187286412,2.5123605578296795,2.3554425973550064,Low,Low
Clothing,32.881438204771555,63.743244138085295,6.558210577320684,1.348371067183086,Low,Low
Electronics,15.814647380277133,22.309736162132683,8.103767142049325,4.496890098740703,Low,Low
Home,17.491466390308254,23.56552454982359,6.52406505836705,2.6873127141553255,Low,Low
Sports,29.526459148161074,50.40600815212056,5.15418697545726,3.873716919274941,Medium,Low
Sports,83.81081790219878,95.25123456244899,13.202368182035228,2.0267769132401834,Medium,Low
Electronics,48.34246835077649,69.23355580766612,2.6943500067927024,2.6757911607499016,Low,Low
Sports,69.47364588389365,99.0505216258777,9.311251076919538,1.0405247361109735,Medium,Low
Home,91.76226001974248,151.52849931682425,13.23178030852883,3.8958922218643752,High,Medium
Home,55.72690989203756,68.42837730219759,1.163892550232657,2.688137040510556,High,Medium
Home,51.170046910772285,82.868862354839,1.612347012325263,1.4920131804949825,Low,Low
Electronics,11.401532704624639,16.516868286614393,12.925777316235267,2.615591456680495,Low,Low
Electronics,34.099782383930204,61.72356065402771,7.249873229622151,4.19352136207341,High,High
Electronics,45.94359594876315,63.72285497981212,9.150782452317594,2.4846896937505103,Low,Low
Beauty,42.33255140780267,66.59889653399071,8.163539412141164,1.6625133881130614,High,Low
Sports,54.13774126286153,78.01352732499599,1.0939454642568394,2.5434980115804637,High,Low
Home,34.56566203102239,59.086839102703635,9.480909492337664,2.45837491279016,Medium,Low
Sports,97.34239936717616,127.09394264133253,14.68432965186515,3.1276508260970535,Low,Low
Beauty,14.43370926160083,18.590295132345897,13.9589226203547,2.656600897312907,High,Low
Sports,84.37062245632112,120.93324656114696,6.247249948945149,2.8960257139326235,Medium,Low
Beauty,99.51150744063555,158.30718593658665,2.23482385305819,3.42750936630772,Medium,Low
Beauty,98.11035427930786,150.11773116135586,8.451605436085666,1.673347823676521,Low,Low
Home,84.66217541576867,120.26829952050949,12.575409633149865,3.836054897148127,Medium,Low
Beauty,27.328535406363386,50.49273928126619,8.627587205632615,1.6609682017704128,High,Low
Sports,47.18415617420928,78.49607601285351,7.844569645094319,2.607115202617297,Low,Low
Electronics,80.28953223647731,121.6628053319738,11.231452401965322,1.591936589463339,Low,Low
Electronics,72.53404808482031,138.99326286888942,2.8532133064896144,3.3720580014423907,Medium,Low
Beauty,8.608248512536079,15.247567075053658,8.690514711644436,1.230964207476695,Low,Low
Clothing,94.6839989134128,116.83213646968083,7.47745847091551,4.92394951265074,Medium,Medium
Home,24.30619365317829,43.401585946336674,6.41156709552239,3.0451018488030046,Low,Low
Home,59.84150777714747,112.4433558973137,14.730350810168012,2.6303368342952678,High,Medium
Sports,50.265921458937804,100.35644775985104,1.8326019641419309,1.012671394322807,Low,Low
Electronics,33.35131667437828,43.901810593430085,5.366587120059926,2.024190260419817,Low,Low
Clothing,50.300129490192624,86.46339944797714,11.117897407775198,3.770129726148432,Medium,Low
Sports,39.07797491461628,71.2779717259532,4.902638213803742,1.8428198554688127,Low,Low
Sports,75.34523253558432,92.56653509215379,11.547990911597568,4.075691128430564,Low,Low
Electronics,85.36253676938455,141.0397138334196,2.240465995575507,2.9505112386688435,Medium,Low
Home,38.13795072710054,45.7616618200651,12.31529294012911,4.7907521038578835,Medium,Medium
Sports,95.73594469271163,150.33596713260997,5.193919491354235,1.307448301104654,High,Low
Beauty,18.79366872404273,32.684051438647764,10.33596189419975,1.8444498846645447,Medium,Low
Home,81.33086061320404,157.48137225155452,6.67143772338593,4.624444008529988,Low,Low
Electronics,65.84522400670518,130.4448541516931,9.4489033446073,2.4312563364541955,Low,Low
Electronics,16.67746445421182,31.683733100367878,8.043175310917709,2.7973989681585683,Medium,Low
Beauty,69.84863601622322,92.04223770908298,10.995336855092257,4.290139177536787,High,High
Beauty,18.57321632724411,33.391142561908566,4.799731326254001,2.986781691271786,Medium,Low
Electronics,35.170745549806085,38.692083632835974,8.155807949321218,1.1874076341104125,Medium,Low
Electronics,10.955514054077257,20.326911643705763,1.0534789172201635,1.987295476807609,Low,Low
Electronics,85.05763070525272,117.55076208637335,12.0450546048641,4.567488579242939,Low,Medium
Home,91.44459866616724,131.642386745531,14.497097830861515,1.3571580981022917,Medium,Low
Beauty,65.10762848111709,112.86221075256366,1.0610857751043272,1.6678123549887949,Low,Low
Home,68.30661428992961,134.5259666056386,11.654529063510962,4.803090830925353,High,High
Sports,9.577671177363142,13.63903876778983,14.395197416780006,3.001604582840805,Low,Low
Home,48.48146249013293,62.443854692970035,6.161900392107133,2.4792530239487065,High,Medium
Sports,44.50076256530777,77.77346808182102,6.196262607000386,4.4790527067268435,Medium,Medium
Electronics,80.64285657847115,143.43305655265206,1.5031414489017467,2.5789374153793125,High,Medium
Beauty,9.958869759272305,17.06924874215921,7.554157978214425,3.3167010214988886,Low,Low
Beauty,9.085660427359251,15.447258095378627,12.52633201749005,4.128061339731869,Low,Low
Sports,41.01393462383394,57.56760946696351,1.2705868328464145,1.4974735960020409,Medium,Low
Home,51.82213552250743,75.86039134010007,8.433127497769313,3.380526699622726,Low,Low
Beauty,42.77652006124343,76.40220690840594,7.3688644531062195,2.0690105191743813,Low,Low
Beauty,97.7213132115253,118.5354832072138,1.237267308454134,4.080632847028384,Medium,Low
Sports,37.47135202175734,66.14157909420325,4.125687397072748,3.5674398354214216,High,Medium
Sports,66.4135804556034,131.28470546758322,12.858851577774594,1.0943798585821165,High,Low
Sports,42.81050283067777,58.76273031374875,1.9197280253611209,1.9129414539747964,Medium,Low
Clothing,50.98732162246915,90.38522330337119,7.633337597571252,1.2313777977886424,Medium,Low
Home,96.46299327405458,112.67307227350848,6.119530475659198,1.9015250720270633,High,Medium
Clothing,90.12713562048447,167.8595364758628,5.412058547855746,2.1049492999006123,Low,Low
Beauty,66.06779690601655,120.82968713934515,14.263533494210256,2.349360564068094,Medium,Low
Beauty,56.187235858763806,64.87187403652436,10.659996322325208,3.7603862329513738,Medium,Low
Clothing,33.68208650736267,60.1218331050134,5.9597487077746525,4.796284785259376,Medium,Medium
Sports,63.986316070682264,123.86434326025282,11.65196082320294,3.1874385639005047,Medium,Low
Sports,50.72667077088816,96.78178067024653,10.440885706328565,1.5479962522146855,High,Low
Sports,55.0871027716217,80.02351747036344,10.227592702573371,1.4355732559241563,High,Low
Home,98.20865452022308,158.36988187457212,4.633584964465265,2.7479835426624835,High,Medium
Clothing,98.21189449241798,124.83683314014468,12.096331628037365,4.631595175118477,Medium,Medium
Clothing,96.87000473547332,140.80194663946463,12.959106688772152,4.092356166789864,High,High
Electronics,48.53229178731922,87.51410589439489,14.442348986202436,4.05431627546629,Low,Low
Clothing,79.51998151032468,114.45207465263093,8.727864229690095,4.219012487958779,Low,Low
Clothing,35.55864901765712,66.25422183412856,11.204060191779256,1.3815971092528425,Low,Low
Beauty,67.93123111160148,81.96938042264107,5.044389144728319,2.5913465020086277,High,Low
Clothing,99.35922646518158,113.31126584667552,11.654110928935488,2.486896265609373,Low,Low
Electronics,79.81716315658403,105.8296759965802,8.897036403669249,2.4343138460994926,Low,Low
Clothing,90.71245832891262,171.41208013243042,14.641211341509607,1.1100767405616612,High,Low
Sports,45.98116163353709,80.34030451248029,8.886544988462653,2.710007325312447,Medium,Low
Home,31.837126267420963,45.13693780069018,13.51732023546551,4.785826052601622,Low,Low
Clothing,89.44430528034482,142.2213820187526,3.862452404765965,2.0212363060157266,High,Low
Beauty,65.42403453409699,93.42020983732263,5.13338523485499,4.5179862829125055,Low,Low
Sports,74.04117629597869,133.0161282279855,5.936436483004014,4.2991514251111465,Medium,Low
Electronics,49.0128970609157,55.9169984917748,5.0604087110846825,4.724039883541199,High,High
Electronics,61.09095353315587,70.5721387916845,6.070467567182196,3.8925130955302167,High,High
Sports,33.8745386642276,44.28672484744915,1.0206335092083598,3.9173791763519854,Medium,Medium
Electronics,85.60041101359985,126.7199617886012,5.241032678966009,2.3011805360921245,Low,Low
Home,30.78666487524902,37.33870839192012,5.717506160044391,4.998175674876377,High,High
Sports,19.212137705060492,27.715827795188854,6.802576017550806,4.015318802276875,High,Medium
Clothing,79.16001315542793,128.66632935772077,14.331104999766325,1.1696891928275668,Low,Low
Electronics,17.344430365454414,27.821897702118378,11.930245944812613,3.8339587899711893,High,Medium
Beauty,97.37989990880982,146.4527750101521,3.2263500523636583,1.7207830165125917,High,Low
Clothing,74.25320085730256,139.2634979232819,4.837002250790674,4.228283615466812,Low,Low
Electronics,37.80748546326434,53.00796264360474,14.699356557447969,4.426148894991707,High,High
Sports,94.97361337530931,146.88931295016656,6.327247938178523,1.652141347726364,Medium,Low
Electronics,7.393374326126789,13.71543093093486,1.1598517683570309,3.814799118516204,Medium,Low
Electronics,55.7576024298992,88.46841938576925,7.014343210064905,2.2353376960293634,Medium,Low
Sports,96.34376720339306,167.92426579232767,14.334539633629856,1.906909529319853,High,Low
Home,52.643968840574715,61.26717824568425,5.3800842519718195,4.741188394181311,Medium,Medium
Home,64.65937134738931,85.5287696403931,3.279410695476093,1.7476577624338465,Medium,Low
Beauty,64.02278265971296,89.67318844023082,11.257786708263925,2.6181095422954788,Medium,Low
Home,38.806202129625085,45.61776096532723,5.668476310344147,3.710163782014136,High,Medium
Beauty,98.29470601651644,177.55716255436536,11.268814450889455,1.464763826101784,High,Low
Home,79.60053709402143,130.62387848174814,14.865064947977206,2.301015623698208,High,Low
Clothing,47.76107001510705,94.53796633476807,2.443699073713061,3.191138777533278,Medium,Low
Electronics,75.09907355928759,130.22922725047576,6.918200916515051,2.386096671810873,High,Low
Electronics,75.31533003233899,125.59813575876092,8.694487759430594,3.7591153969924846,Medium,Low
Home,61.559167819567385,77.25057153594898,13.957310909926333,1.2733364193824168,Low,Low
Beauty,13.749049057125724,21.97154567875736,9.982846723582963,3.8151692439620306,Medium,Low
Home,69.22249736499201,120.16796297662447,9.540103839112799,2.251629576854593,High,Medium
Electronics,16.121273935296024,24.249237703861258,9.571614110665825,1.8523400347392327,High,Low
Sports,24.2501002428576,39.49922491526418,10.81595432184463,3.7204475417878906,Low,Low
Electronics,56.48905711452776,109.90998792627072,4.086771708626257,3.902903641456413,Medium,Low
Clothing,75.24378183397462,97.3053397485355,10.309923227328833,2.992161572227476,High,Medium
Home,13.008624888078286,23.759868132522318,13.058474761411272,4.269009245467284,High,Medium
Electronics,46.646573102922325,93.13622983347506,4.20840731699827,3.1875038635041784,Low,Low
Electronics,82.74510881572704,94.7445330209834,13.761298106554431,1.1180162205808237,Low,Low
Electronics,6.502253642131397,7.603934714142939,13.756355992521108,2.4194433229845913,Medium,Low
Home,61.50630539439001,88.26033980459121,5.662488205275578,4.539857232722351,High,High
Home,51.88259425466878,70.29958111551288,12.014773046999784,2.5897926275963665,Medium,Low
Home,78.2205404360274,116.13764120409121,3.8870436711779583,4.198875055859444,High,High
Electronics,87.19336800279206,167.73662569063657,13.037533695477864,1.1400316592272226,High,Medium
Home,65.60565495505018,121.38875388342083,7.9920447781356945,3.1401020183957313,High,Medium
Sports,79.47879907548877,117.42600339506149,8.001121655802157,4.14039085638283,Medium,Low
Beauty,24.95278820404675,33.759482374226636,10.98144011002328,1.0459698931924613,Low,Low
Electronics,92.78255269044462,111.40332023949675,8.229941435060555,4.146089529563389,Low,Medium
Beauty,47.38911599286665,86.49746161775283,1.1115016664363158,4.6982442215072195,High,High
Clothing,55.8776124135689,79.41311623173067,5.953048222310104,4.314222391624325,Low,Low
Sports,36.040541492853876,51.1408960079101,8.078878147907425,4.764483250134694,Low,Low
Electronics,14.74395644544103,21.429716566206633,8.747196656496806,3.01252989020616,Medium,Low
Electronics,37.754234906901466,57.22255095164511,6.803224907435092,1.0530041340156422,Low,Low
Sports,48.622977204593376,71.47501058124558,11.107009185219512,2.539214468884413,High,Medium
Sports,73.28026369608537,128.9117778713527,8.209066898785633,1.6454512042215348,Low,Low
Electronics,44.34908792932388,78.01769492436594,13.343274752657978,1.4859815643510617,High,Low
Electronics,25.12996139181036,34.67689014784146,3.3370349914450204,1.9749179300973672,High,Medium
Home,36.889014138710664,65.45776306049879,9.00677085390841,4.944986687805606,Low,Low
Home,69.50295683861398,102.21648807140113,11.550324830440541,1.8146685510907394,Medium,Low
Home,56.935099234432435,92.11350066688041,1.3099806566168124,4.780456755024035,Low,Low
Clothing,53.66705193813108,64.55379945078796,11.707213614429882,3.715590900311362,Medium,Low
Electronics,95.3869927289397,171.5859735212986,9.558712431033056,4.429235609443364,High,High
Sports,26.080543774515423,45.463007899966215,13.341888369170597,3.925266078813185,Low,Low
Electronics,49.18024858856121,92.79101175900053,3.8481106519052766,1.5095456640013571,Medium,Low
Home,82.95688197927574,121.45814903084332,7.780821968081121,1.0534707330375825,Medium,Low
Electronics,81.33607764894732,155.48177158071815,3.8486183949663415,1.267894448101086,Medium,Low
Beauty,85.5531489575181,136.11734121498742,14.743902795295982,2.8019142858823813,Low,Low
Sports,98.97568662598626,129.49915418171742,14.195643155476674,1.171350220476453,High,Low
Home,72.13025502942166,103.65351061025544,6.172747076439324,1.1812771158435784,High,Low
Home,93.28239821489565,134.44828280581552,12.63914788710758,4.369302018999736,Low,Low
Electronics,60.1964338706354,89.29923534367865,8.672452993299363,3.0842927620335514,Medium,Low
Clothing,77.05767868705712,85.77794426087516,3.9013921967642964,3.8529434723333473,High,Medium
Beauty,42.12173947131552,52.3493605778899,4.61523427532624,3.421647030030349,Low,Low
Clothing,89.46715277430094,145.01964115117642,9.853478540597424,1.6259068640144023,Medium,Low
Home,22.61041401283859,37.07642538417927,13.06119190117651,4.474558559293703,Medium,Low
Beauty,75.84657101223198,121.51642334292137,9.185353262321547,1.534602325642072,High,Low
Electronics,30.83487374475263,53.132281083353625,4.696867785712063,4.756273917801167,Medium,Medium
Sports,35.8286210166575,48.102097654530326,3.672972191003009,3.778563835574911,Low,Low
Clothing,67.88704975541751,124.46722324014748,11.892353404025144,4.043405323723126,Medium,Low
Beauty,78.49794366508824,139.1811492878979,3.108513445055836,1.8689235458120432,Low,Low
Sports,64.8537884555983,121.42628996753426,11.972813446241489,2.715939727363562,Medium,Low
Home,53.849098800887226,94.91474433278798,7.1098743822143025,3.667087639135589,Medium,Low
Sports,11.389311826899945,13.501187991975126,14.984496568466069,2.3065569977036438,High,Medium
Home,81.63318003754756,152.83534938398705,14.96679616363019,1.9659859410274714,High,Low
Home,7.130459470395237,10.156513412112725,11.97233551505331,3.2647227649002835,High,Medium
Beauty,67.16249052180837,87.90336652627916,1.2013402450091903,4.0574135457457094,Medium,Low
Home,5.507885281164623,10.71048153197606,6.807411671445261,2.609339820949331,High,Medium
Electronics,11.586191386837651,19.400961798554096,11.262050674796948,3.704501590353161,Low,Low
Home,87.4990248544313,126.1048977027662,6.2008032112320794,3.4741082348727423,High,Medium
Home,49.582096595950084,74.31133714627138,7.918067388930357,4.444181198013247,Medium,Medium
Home,95.17406585218468,176.02907088246204,6.0740385166216075,4.454565685186465,High,High
Home,20.898918062494197,32.40008383017219,10.672375671711519,3.788543223567237,Low,Low
Electronics,65.41433104853753,107.23841647430213,3.510984144049374,3.8205565822822534,Medium,Low
Clothing,68.43725620229952,126.85737665877055,3.3761980000769243,1.0765794719873467,Low,Low
Beauty,48.21288206627248,82.78780974121462,13.742982488148593,3.5561286356596833,Medium,Low
Sports,19.60064907019943,31.661840061320007,4.878175340563703,4.685230048851902,Medium,Low
Home,9.938988437882212,11.216838106985715,6.926692018144765,1.3382615123889514,High,Low
Home,25.067023989928447,47.043212436335864,13.405308094384914,1.7866143398118348,Low,Low
Electronics,99.73760049084225,112.40661009141748,13.563122121073047,3.490522134394632,High,High
Electronics,49.17590416501062,91.59745547943977,1.8735169603758812,2.341116200313183,High,Low
Electronics,85.9920050183672,167.18296531986957,2.1914488056769947,2.5423903700533335,Medium,Low
Beauty,20.971222197933105,32.0326164208284,1.7731152904023986,4.769533816009107,High,Medium
Home,35.994122213908945,49.291972003066256,4.255083890909637,1.5187159128969414,High,Low
Beauty,38.75537610501933,66.13972284188448,1.875907791072322,1.8420277586613718,Medium,Low
Clothing,83.78485224194715,145.45117212110858,9.641063282290611,1.6239234547957326,Medium,Low
Clothing,53.023332237037074,65.20124906591896,9.735978797405753,2.0945616714430866,Medium,Low
Clothing,83.12621506260867,95.70161989180873,6.860501848856619,2.833725696525752,Low,Low
Electronics,59.557319633570046,101.2766921836887,11.878689999124585,4.448811894632755,High,High
Beauty,6.503201339697977,10.213174481319045,7.5921429871244746,3.624220087902816,Medium,Low
Home,67.51784555117308,81.37997171626203,12.196050790662074,1.4929303028652994,High,Medium
Sports,89.53895401498123,164.39984774509665,8.142077326388526,3.9449592405353324,Medium,Low
Beauty,97.1723577194133,188.42599400666455,11.382436672324998,2.117663536704288,High,Low
Home,25.777431030740406,32.59695356815836,12.559953321849338,2.1428302706435614,Low,Low
Electronics,79.63609483526709,105.71839709445705,14.14452944057785,4.575940820187843,Low,Medium
Sports,21.636698312383558,36.90113264118255,4.0870596880990595,1.872830138208689,Medium,Low
Beauty,28.718550510321865,38.39447955727119,1.0091474706581938,4.482676136502071,Medium,Medium
Electronics,19.44461390532672,29.4098081022706,5.917071422882932,1.375106105028066,Medium,Low
Clothing,95.1077796057285,185.47911179707273,9.539181820344723,4.6980898749276,High,High
Electronics,78.38904717754339,135.78860447070517,9.613551145953796,4.041697246729887,High,High
Electronics,71.88791077552722,139.58151263040193,6.261270221845208,3.8324873396025017,Medium,Low
Home,63.437268351413984,121.77070050729215,8.137956133706407,3.0051025785029175,High,Low
Beauty,31.45471924811747,58.74746944106974,13.997369078908305,4.985593174716222,High,High
Beauty,73.83683725052475,88.63622773410422,9.516473000108803,2.1241990006675566,Medium,Low
Beauty,41.07639467733516,74.81248686002422,6.489310076664018,4.003078596844222,High,Medium
Clothing,69.35234733944291,111.60203309201178,14.008026040963623,2.549290071901256,Medium,Low
Sports,76.19547056817682,113.37894894172477,2.2256812963889283,2.131204522681999,High,Low
Home,32.90871108656712,37.42869788806883,9.919325811542196,3.389169681413877,Medium,Low
Home,23.26944012319461,31.788128223396118,9.674622977228912,3.3985102738396855,Medium,Low
Clothing,48.2838198615389,82.57993530116273,8.602300032134698,2.3875439054575422,Medium,Low
Home,34.6285463975539,48.686859350613915,2.1051516412517777,2.77119254617495,Low,Low
Clothing,93.21990340096244,107.72749460238904,2.2930473935592994,1.6511639568249175,High,Low
Sports,47.437880089559435,73.59352207778183,4.45322062127569,2.883841009738934,Medium,Low
Clothing,21.833287596063155,29.798945617527256,2.6071569815179214,4.766131641137765,Low,Medium
Home,25.18249133356993,42.738999904937145,6.756764844355642,2.609625037197247,High,Medium
Beauty,34.81841726892759,59.95558167548649,4.802864537841175,1.7624393322977991,Medium,Low
Home,37.50022398204143,55.76140272032143,12.633288394770958,1.4795643738908484,Medium,Low
Sports,51.81786053061834,70.98776728875384,9.345147373336284,2.735375691420977,Low,Low
Electronics,42.06142229539223,59.71117251089988,1.63348864626443,1.8716348330080539,High,Medium
Beauty,87.93684243282303,138.13371751889525,10.795658726821918,2.643428367361986,Medium,Low
Electronics,94.5526218118299,111.04833231656458,4.555128806931746,4.119953307642177,Medium,Medium
Home,98.15398157076874,126.93531029110382,1.941278521267856,3.3793895180076383,Low,Low
Beauty,63.60968260152768,119.40295380156554,4.1228688615985964,4.49243537105691,Low,Low
Sports,28.393195292207007,42.05580564635638,12.109989163543222,1.1271139374292978,Medium,Low
Sports,27.806720346318816,34.19888141003047,2.6198184545242302,1.1090000478032604,Low,Low
Electronics,29.021521233760563,47.01105035873754,6.028922457757664,4.294208906447276,Low,Low
Home,38.32781538682648,54.66710937979123,12.28000335935505,2.312717931190448,Medium,Low
Sports,84.88632748827618,110.27708663274372,6.333877831357599,4.233622955574764,Medium,Medium
Sports,41.53805221798298,62.85586332821261,5.246002471889961,4.730219513677248,Medium,Low
Electronics,62.15980558173813,120.80124498251531,5.365229917380761,1.9990886497860791,High,Medium
Clothing,97.25933619998715,156.195569344862,11.006545870215241,1.2738018102640671,High,Low
Beauty,70.86683960479714,119.29810999454078,4.2407213427818355,3.725412052965395,Medium,Low
Beauty,82.39374544744898,136.00306438670796,6.228411231857874,2.0213454950529766,Low,Low
Clothing,56.089378800430765,75.73690282076952,4.037387442094313,2.1520213836961646,High,Low
Beauty,91.18864971385855,113.13368508674968,4.081241476199412,3.0731047057905854,Medium,Low
Home,29.922581844189843,41.345381756897595,12.710978868652468,1.200857726761821,High,Low
Clothing,35.07574219132186,47.60232918484557,2.2792374680457286,2.2593033174065953,Medium,Low
Beauty,47.1708640703916,89.82441637176002,10.21276977405709,1.0322364133684792,Medium,Low
Sports,45.97366210239639,66.25431959095121,13.810850255241114,2.004677070193605,Medium,Low
Electronics,34.30448674150098,55.42706213176109,5.552956747866959,1.1570776569666092,High,Low
Clothing,5.606009123626114,11.102809312134346,14.520460937476464,2.58062118988922,Low,Low
Home,94.94184324576287,138.63322961321376,11.966171761384668,2.063713802528475,High,Low
Clothing,7.448111882613358,12.238558138555105,10.23308374311858,3.7521822282965154,Low,Low
Clothing,64.16157330778489,83.43625345565471,5.301029838297793,3.1858341669124974,Medium,Low
Electronics,20.221432092768097,25.354496270406642,6.854027034279195,4.0291319131020025,Medium,Medium
Electronics,9.977173081511815,12.408235132400192,5.698725821690764,1.3072297642771251,High,Medium
Home,83.86434338480223,163.82282104563703,5.2644329808386665,2.058063215955353,Medium,Low
Home,44.900387037733466,49.781876047339544,13.0113712728108,3.924629377819669,Medium,Low
Electronics,79.80033602418094,109.78846762510962,1.5636120421292494,3.3534088839326133,Low,Low
Clothing,31.147722198515787,54.150158623571905,4.800888035597959,4.61697316563026,High,High
Beauty,45.481517605461924,84.10111065092065,12.279083275086787,1.897274235414105,Low,Low
Clothing,67.96564604992355,128.0180854600961,11.627217055778939,3.91011692090038,High,Medium
Beauty,70.91152791190412,113.28018238361182,4.027507394611405,1.8343534709642029,Low,Low
Beauty,74.72101081517759,105.49881065300745,6.708020789313153,1.5022623145490055,Medium,Low
Sports,83.59887270848382,135.96142527233866,5.7254545223734645,4.211404835982184,High,Medium
Beauty,90.09054470532857,123.2040887267275,4.219912555485367,2.645215888264925,Medium,Low
Beauty,68.87646511271186,126.97088550750303,10.423289832757039,4.297401788997398,Medium,Low
Home,39.24507798844762,66.8792540860306,4.789015187744719,1.3249185392266907,Medium,Low
Electronics,19.83914325340693,39.47154070327235,14.681919055930262,4.175272415632159,High,High
Home,98.5915827336141,176.59772528096838,7.081060973977048,2.785767687186195,Medium,Low
Beauty,68.20969479979591,105.76866977059385,10.02805711940972,1.094129977656395,High,Low
Sports,79.05408663528603,88.11213215213489,12.457325946913492,1.160555436341466,Low,Low
Home,99.23646098767111,135.42409990068256,3.944459788001111,4.061453455432163,Medium,Medium
Home,16.965743656039034,33.61314887746706,10.433744575780064,4.387548897715812,High,High
Clothing,89.50977874139676,174.5024872370882,11.721606549288738,1.0216196946906795,Medium,Low
Electronics,6.746683504401743,10.239171825354846,14.2028665636976,2.2952782996097256,Low,Low
Clothing,28.852609848190937,48.62769017876476,3.9726756400164778,1.4880296543075562,Medium,Low
Clothing,44.08058428419599,53.502711323323496,1.3898147060837875,3.490929129171333,Low,Low
Clothing,84.99148784314067,130.4145192783194,11.884376540553397,3.691388533954179,Medium,Low
Clothing,9.789593492209875,18.61340333914024,9.076336818356918,3.255678267022495,Low,Low
Clothing,56.93615118815229,105.66429099651812,2.7847995219634467,4.200825390734316,Medium,Low
Beauty,99.18808894506525,173.99127700003763,11.98677554554983,4.977661070235493,Low,Low
Electronics,84.56542923722529,139.7898003428449,9.136735932093393,2.014542222056153,Low,Low
Beauty,35.953228773196045,43.68307184137245,7.193131463433863,1.1698796370261326,Low,Low
Sports,84.53998567815833,102.68501636098075,2.767795919508246,4.253737929297056,Low,Low
Beauty,66.2657760027738,90.08344660356838,5.182960194759523,4.564800292254409,Low,Low
Home,38.87663671868953,51.668340843468805,1.1805645770533562,3.1611976270459987,Low,Low
Electronics,57.54563725054529,105.36792104148758,6.376596937475406,3.665071445916154,Low,Low
Beauty,26.444133764717105,38.36805208236435,7.7206632823411985,1.552061948080207,High,Low
Home,89.67522960422838,136.07613696888956,5.480382431873487,2.905845084957598,Low,Low
Electronics,51.4583986542239,96.41249468419865,9.29221919486934,3.7786150912407015,Low,Low
Home,16.358389786445365,26.424992264808125,4.594408948336612,4.216382678534371,High,Medium
Home,74.37367300530926,123.25617580435166,3.612959157167556,1.1027585794776327,Medium,Low
Sports,85.7461363978045,109.46533083053957,2.757697058578679,4.85391978989731,High,Medium
Clothing,33.31718679985816,44.98022276343518,11.801168867978827,3.6076034622498425,High,Medium
Home,65.58854347533119,120.55572753301921,1.5821054378523127,2.9925197741921696,Medium,Low
Beauty,34.23823600284916,56.570951011693666,13.571094108212316,4.239697681211597,High,Medium
Home,91.57722305746992,102.46032490317401,5.420824117492944,1.2275255911105862,Low,Low
Sports,71.7002081408103,100.25244970107325,10.459280630899023,2.5837489047837994,Low,Low
Beauty,93.7993419713886,124.3583412042372,2.6862627599519158,3.3381724530378327,High,Medium
Electronics,40.89472530408273,47.267476601109,5.7502737423339445,3.0237266172782338,Medium,Low
Home,47.91525021823716,68.00399203981492,6.609858335682533,1.4605847135808046,Low,Low
Home,5.017720176212996,8.29219158880526,9.62999448320618,2.829772223479553,Medium,Low
Clothing,23.775725956157363,30.016055287287458,4.674588191697703,3.101033675126333,Medium,Low
Home,37.11801888979483,45.066531597009906,6.484394307871895,1.6506432604219405,Low,Low
Beauty,57.47478309263726,94.01189120240345,13.206782857927077,3.3079264496707275,Low,Low
Home,33.06945283954214,52.14964440238389,10.497486397042184,3.371083763480739,Low,Low
Home,19.387324583858945,28.877310156060783,9.339517538261413,1.322461620678407,Medium,Low
Clothing,49.641960343191556,77.05632533974301,3.8107936465935004,2.2600414895069263,Medium,Low
Clothing,34.16236680985673,43.580160913556156,10.498876361108138,2.292398806665349,Medium,Low
Clothing,21.82958470614943,38.19870525753959,1.5639972628919785,2.62169130055662,Low,Low
Home,37.47549212231875,70.69704594491823,1.1807011917338877,1.9067626082996947,High,Low
Sports,46.78628577281432,78.5804172462838,6.333325830328651,1.2182616331307958,High,Low
Sports,91.02618960324561,168.5655090614673,3.75643020485957,2.7646022089225295,High,Low
Clothing,30.124822583383125,46.78964197412075,1.9535263461293155,1.8726973183730928,High,Low
Electronics,6.383879701371495,8.44370087254184,13.128094103750538,1.658513713034675,High,Medium
Electronics,59.30272670087967,75.0982782685204,1.834219362944012,3.4174372788590843,Medium,Medium
Home,68.31958778583831,80.07705776354992,7.185671867227365,1.6534670335936807,High,Low
Clothing,24.217925170029346,35.068436000224274,1.7161028786855668,2.5911737637163927,Low,Low
Beauty,5.696744329437126,6.3987453235764296,8.746068954722002,3.081797616661144,High,Medium
Electronics,57.99799918770695,113.89716204610568,1.6817278775990168,1.3920307391229643,Medium,Low
Clothing,94.86723453533193,176.2584682626702,5.152574750199304,1.3087501209058718,Low,Low
Electronics,80.66601698631017,143.6728135510889,10.52781426490742,1.6642994093340548,High,Medium
Clothing,68.87703221587692,86.29502357911716,1.775822438191422,2.324585956656599,High,Low
Electronics,44.467085056248514,49.87448449568043,5.695202487044474,1.7083290215891593,Medium,Low
Sports,27.50777942018873,32.65913662163035,3.5064429241821733,4.190056181185943,Medium,Medium
Clothing,56.958243218620304,87.00832361698625,13.914079971185743,1.2909397911146736,Medium,Low
Home,99.28888891538728,130.72409501136485,13.240302677919129,4.322491041727165,Low,Low
Electronics,43.918922582789314,86.97697286998033,3.5324866193045765,4.196631884419128,Medium,Low
Beauty,59.944177496071305,110.85780037870069,12.258317909774378,4.4656927341588,Low,Low
Sports,70.74480253877576,86.73232418434543,6.821459952257754,3.194353660218754,Low,Low
Beauty,69.16832430696043,100.73680767960346,2.862137184702603,1.6349470534972381,High,Medium
Sports,46.234956727690886,56.166833751406145,6.727192080888267,2.417508731944541,High,Medium
Sports,61.40916003462796,99.36211411490585,3.260409676899361,2.8869593500737563,High,Medium
Home,59.17725917948209,76.28519612683321,11.391799491532016,1.1007963792842785,Medium,Low
Home,29.810431088531722,51.436641063927375,8.943473218185026,4.184974437825549,Medium,Low
Sports,51.37687915452733,62.672800848347144,4.6586622503953725,2.676397891668341,Low,Low
Clothing,5.614113990022503,8.68287459128887,4.998763839871403,3.9384332028421403,Low,Low
Home,60.558642074050134,117.92746751541732,3.4417297395609934,2.8865979630023815,High,Medium
Sports,16.91065817721796,22.461606984586822,9.989211102933586,2.1021462685634047,Low,Low
Beauty,16.561054139033867,26.98266506702191,5.425087573805697,3.507873738114866,High,Medium
Home,29.295651647088537,40.85802612590715,3.3046871853110678,1.7246874034000803,High,Low
Clothing,34.10946768834846,54.56220062295487,9.231882812493659,2.7059989889674445,Low,Low
Beauty,60.002876422643794,66.79208772827293,6.04525689308439,3.4193577174503247,High,Medium
Electronics,34.33621615821346,46.84082444947001,4.723967703297212,2.331123475843182,Low,Low
Beauty,81.73319289824056,155.07423372478246,12.425106592806918,1.0757816134974183,Low,Low
Clothing,24.7979594937415,30.244465239905058,9.938842987187897,2.2789727816307797,Low,Low
Sports,27.711306487127818,49.3880985284865,11.64007762946938,2.2503920996332005,High,Low
Sports,93.78166866797397,128.76663781292385,11.946472781956457,4.0634345755389685,Low,Low
Electronics,22.333513861986553,43.96773580615099,6.99457515814042,3.5280768336897457,High,Medium
Home,34.65802497406729,51.457458519375066,10.033060061825294,3.980858970763338,High,Medium
Electronics,40.17205764003479,71.35164163235592,13.557934051101755,4.384496842120926,Low,Low
Home,95.84772874376932,137.92572477595277,5.749369256433709,1.2497253091111213,High,Low
Clothing,35.109549067891734,64.17827871751128,13.256841105542552,2.2098652698458787,Low,Low
Home,79.58294743777692,107.1447991556512,13.765460801605283,1.390030769855501,Medium,Low
Electronics,68.5889135028711,89.72471995155016,4.409995762104847,2.224188664915086,High,Medium
Home,86.83471437907416,106.24835402956624,14.333414533582145,2.3152904713944373,High,Medium
Beauty,32.49688502197978,58.65342984385189,12.245428665307287,4.946252456457642,Low,Low
Beauty,64.37307609572335,107.79371497172664,5.3000390734589615,4.438718340321332,Low,Low
Beauty,23.480828151005987,43.169430359830066,10.473024887477864,3.5441893693565065,High,Medium
Beauty,59.893657293586394,82.47875963681611,7.680801111851458,4.172252113482624,High,Medium
Beauty,49.53503864814514,85.9468514805327,13.910686992717979,1.5679770374083386,High,Low
Clothing,43.738913268585456,83.00518699272082,1.660753823763306,4.845666478568198,High,High
Home,64.8146927691663,121.66600268819622,2.852031267114535,4.910359841380172,Low,Low
Beauty,56.704447016448825,112.17279020265659,6.167906713328863,2.4287693359721794,Low,Low
Sports,8.16045726108905,9.871699226524573,6.822058751711266,1.2525196368318658,High,Low
Clothing,11.969586408662252,20.31037274534859,9.335129182196217,2.660582615970983,Low,Low
Sports,82.92406529976452,139.6335450618388,6.865576832913341,2.8321144663354745,Medium,Low
Clothing,93.42828712406084,158.3346631232746,11.44908038038538,2.246286958328916,Low,Low
Home,10.19960715787366,13.094438198710185,6.861732006587578,1.878539714378276,Low,Low
Home,91.92514608601509,170.9340250353618,11.39209124081726,1.6712583825841145,Medium,Low
Electronics,27.024922712899013,46.888414960481626,5.307839387457814,1.9686986013898822,High,Medium
Home,75.68271513302929,131.68042158263384,4.2829926874373125,3.997516066896624,Medium,Low
Clothing,23.0381562641124,26.149737147223917,6.485352524640403,4.209607137805297,Low,Low
Electronics,47.19742365344482,80.61452566884299,8.124516980978322,4.445782744085297,High,High
Clothing,48.76969202295902,97.04956501853108,7.765249062256093,4.94758378155319,Medium,Medium
Clothing,56.14752303226098,111.8976381373627,13.005428508526931,1.3894675751648844,Low,Low
Beauty,95.63401518241815,115.68766021206773,1.2558509761290872,4.616541410312763,High,High
Electronics,95.38270188801508,116.68345422979361,8.526184759695921,1.7396811898685773,Medium,Low
Home,39.51091565789545,59.06023517087669,14.684947614924505,4.231462582735925,High,Medium
Electronics,56.018924900487555,103.9710117116215,5.750519699179955,3.8355964510932643,Medium,Low
Electronics,85.20991209447634,163.963198609413,11.051057673161425,2.134431693668545,Low,Low
Beauty,6.9720130517765995,12.443630627469867,1.5983544848673192,4.458609418410983,Medium,Medium
Beauty,46.80675213131735,71.82805727029312,3.9719989833602787,1.462233506722527,Medium,Low
Home,6.366217418494532,11.603597352751466,14.731113275804187,3.423704781656989,High,Medium
Home,71.58885967670993,91.26478671638809,7.260814451030132,4.31928505886914,Medium,Medium
Electronics,66.32576385899961,82.25694269200767,8.658634838618088,1.3497860071995418,Medium,Low
Clothing,24.940274810691918,33.29094526348265,14.57462314466073,3.9388342810601027,Low,Low
Home,95.03907130707682,116.62046351898721,11.68922181135497,1.4347301574987683,High,Low
Sports,37.54615286705752,62.51066460429235,3.688225186360514,1.5840840771878502,Low,Low
Electronics,92.17649140092118,175.01753636351893,9.75606830233231,4.233072844865113,High,High
Beauty,65.38630558549826,92.87222352056448,3.0790949430115315,3.385868301654175,Low,Low
Beauty,17.565527934355764,22.431519549622166,4.324766272371376,2.199590371978145,Low,Low
Beauty,24.388327809797225,37.12236814673951,12.213142101580024,1.720634590930477,Medium,Low
Sports,37.57831796212361,64.46496985710189,1.3548804596951387,3.7601875536377984,Low,Low
Home,13.271764529844278,17.013532286559258,8.6368647669277,1.8282283335321314,Low,Low
Electronics,27.0019073525704,50.33240539350807,6.561800619766436,1.9822025037779643,Low,Low
Clothing,96.7540703732416,124.34977668085249,11.381925518535613,3.186709059589247,High,Medium
Sports,57.62935927279744,91.11796996408765,3.7364120051575984,1.664917448206635,Low,Low
Electronics,15.916102619381478,17.56267804282052,8.02811476834855,3.332511293811477,High,High
Home,10.178633106593498,14.0733794382714,7.988785255778645,1.8663167425089635,High,Medium
Electronics,70.68452546374944,94.40455508248262,9.739370317965253,4.317540600569498,High,High
Clothing,92.13595622336197,147.25193210490093,5.189248060214847,2.723433101529083,High,Medium
Clothing,39.509258409201976,71.69119376304629,14.17389251604212,3.492841492272028,Medium,Low
Beauty,81.48424464390781,151.60434484434498,6.530746729995144,1.2050538367039927,Medium,Low
Sports,49.09937515045203,81.37160322805359,7.724119623078981,3.646815381925387,Medium,Low
Home,15.720102782444034,25.730515823377882,7.7856532371083045,1.1074706161797412,High,Low
Clothing,95.92780909128064,142.39471612833347,7.651404769684087,4.591820864740077,Low,Low
Sports,63.73762588170486,109.15738543528212,10.334241418006258,3.0438829721802483,Medium,Low
Sports,68.01451740288019,126.17983410325014,8.7092464293119,1.6125780003358248,High,Low
Home,51.774418834364454,89.61008354564454,12.977715728102215,2.6731644443739437,High,Medium
Sports,90.2527452405507,108.97503736718478,5.589799730401456,4.262981522504484,Medium,Low
Sports,42.395374426357,64.69924571038662,12.963663504830524,2.3600175442395686,High,Medium
Home,20.722478593047285,35.97305649550937,8.494868752863194,3.541293386833284,Low,Low
Electronics,54.217330693768304,96.13895525834512,12.71143247065265,3.817341263828722,Medium,Low
Clothing,93.36569427194225,147.03501937181085,4.624659847103954,1.211306745458888,Medium,Low
Electronics,16.52378481052574,22.678855250569093,8.454592710374563,3.2576663511189907,Medium,Low
Electronics,97.13279214020955,170.45523100186574,13.91645259931541,4.048848233256708,Medium,Low
Sports,68.33513692978875,113.50750582195988,9.43456838640173,2.959143471952963,Medium,Low
Clothing,82.24902724095857,109.53358575559183,11.841872924488246,2.5422142576052553,Low,Low
Clothing,31.29164253537432,50.14029063277348,5.858032695770799,4.731470760506532,High,Medium
Sports,50.103055574146865,70.27910787417255,13.887502391435765,1.0480121090907302,Low,Low
Home,75.36304020132947,115.79653130439043,2.1956424222781035,4.889845560111609,Medium,Low
Electronics,45.76920173604058,53.431252521246115,2.486244949664541,4.349890078475099,Medium,Medium
Home,29.25856827174564,53.98729039522143,6.2919165407661435,4.924726235175369,Low,Medium
Clothing,14.553459547927213,21.159789106354225,9.633977907054863,4.44319574766198,Low,Low
Clothing,36.580535756564686,50.62672485008853,2.4927306651123704,2.4671932825850735,Medium,Low
Electronics,62.075254187263816,107.43855428278316,4.992881237525797,3.5230816806904826,Low,Low
Home,24.13907250008563,32.31467904208148,3.3766288194995715,1.3825627840948638,Medium,Low
Electronics,56.99584501225118,71.13875673709536,1.8943167440326398,2.2695554001115408,High,Medium
Clothing,53.95399285946579,64.32019380099449,11.524791027561694,4.624934077740555,Medium,Medium
Clothing,6.002356632768036,8.731514974217985,12.913326591695201,2.383435431901077,High,Low
Beauty,81.19363567687252,101.04826661517403,8.522766955804537,1.767821755982903,Low,Low
Clothing,50.25062345965591,85.5657066703585,6.633222710114547,2.1920274287750217,High,Low
Beauty,76.86285335894662,117.34975809161602,4.161053730108808,3.4664879126611003,Low,Low
Sports,19.056041740393553,37.848901056785714,3.9273631042545993,1.5214125201730622,Medium,Low
Sports,98.65134764777896,182.97338962672393,12.319987478063464,2.2716186950931343,Medium,Low
Beauty,53.009699368063316,77.53878108718244,9.883790548381347,3.484745288776333,High,Medium
Sports,97.81172688202915,124.04857690020677,7.233836346705864,2.9524701737349397,Medium,Low
Beauty,64.70770617243937,83.70848086054144,9.78455058272502,4.694659350198611,High,High
Clothing,8.082852295114193,10.604939890858052,5.344299621083764,2.5965044017798644,Medium,Low
Beauty,92.2595522631992,105.38746388156711,5.743382302467874,2.6205942147136265,Medium,Low
Beauty,64.74292521387667,108.53132824481948,12.90705919660036,3.9634770735408713,Medium,Low
Electronics,61.34033804689898,94.48280052089365,2.8668225424291855,1.970177106331883,Medium,Low
Beauty,26.886730741659495,36.57454445622667,6.170957821252053,3.654970954501548,Low,Low
Home,59.83552693585027,102.11734950431546,1.2332465974190239,2.3557791013937948,High,Low
Beauty,71.60427079960564,105.2338172790296,8.064922031684088,1.029412178217708,High,Low
Home,53.876512219643686,100.81113361223309,7.536293387723462,2.4388794476410784,Low,Low
Sports,87.11479531331746,131.6478146100887,7.651517109045695,2.544203742607343,High,Low
Electronics,99.69687216470534,147.9673555956673,2.5561123169663658,1.121663523231872,High,Low
Beauty,24.3794873428918,44.9513412149974,8.807641676596338,1.2184412128538762,Low,Low
Sports,86.49648943416145,118.8818832667115,3.6974695508138042,1.5162849877235258,High,Low
Sports,24.13359937526846,26.754243226454374,2.0542200703785767,2.503409860727917,Medium,Low
Sports,47.77244723389864,63.50266421852106,5.92638768085809,3.822461219137172,Low,Low
Electronics,73.44339043896184,99.41609486009997,3.580219557301387,1.157447519278918,Low,Low
Home,7.575131971942145,13.674259723222901,1.1471851435831488,4.0475595775099364,Low,Low
Sports,80.23933817354242,159.5173168370616,4.512228604025547,3.0386258032150426,Low,Low
Sports,94.81030671340389,109.1753030055751,14.033980675976176,1.2020295695312262,Medium,Low
Electronics,96.09282795308896,118.05319809845405,9.11761406466815,2.1302010700745555,Low,Low
Sports,10.221799149783095,16.566343503645548,2.1560102124938805,1.6180833199620759,High,Low
Sports,53.49371247791193,71.30247374176952,5.430399832241827,1.3478680810237322,Low,Low
Home,29.57754000448528,41.77747520771756,12.11855283444057,3.500864500125753,High,Medium
Home,69.57195396479923,112.23093457368967,9.542744125801683,4.7694857578736585,Low,Medium
Electronics,25.248501334823985,47.47878720056107,14.381804060452293,1.946861223379479,High,Low
Beauty,14.212982439029062,16.34686493802783,2.809133201438491,1.230964317868144,Low,Low
Sports,53.94086769672594,107.41011169809532,9.558783187468167,2.483894850368676,High,Low
Home,6.297860119707895,12.004689494991627,1.4052204344071388,1.9585831398302265,Low,Low
Sports,81.94798064992989,107.7174002953295,4.141361717197137,3.018011696219343,High,Medium
Home,5.863268320365551,9.87062327098625,8.155313500613573,2.7820712579726448,Medium,Low
Home,18.247772439490216,29.420624692684825,13.15171477423264,3.332423029119592,Medium,Low
Clothing,40.3441389421597,47.73536938080675,7.4106041317789995,2.57791756335543,High,Medium
Home,96.02312138142713,127.02596050804775,5.872727376682487,4.58222296349554,Low,Low
Beauty,35.49471933588529,55.85039467966153,10.628768889120288,2.093898061499919,Low,Low
Electronics,9.551817451766706,18.661082912875973,10.956241225388727,1.0271861943444471,High,Low
Clothing,79.03969118183637,124.11184807640639,9.974348006894965,4.145326621580162,High,High
Beauty,41.18458444934294,63.689425080378264,1.108732990155562,2.968368041400392,Low,Low
Clothing,31.435427777783115,45.76609878415961,10.620659950561473,4.259174670094635,Low,Low
Clothing,16.3070239268484,18.94933402170499,7.769697911065167,1.8803602641890897,Low,Low
Clothing,16.936131779169827,23.04592913852003,4.342524795204337,1.8541714179613655,Low,Low
Beauty,87.80065887192862,129.63865853995637,7.2215386583151275,2.2131317576181084,Medium,Low
Home,30.34548219621393,47.197336540688234,11.888190740949103,4.433291755515432,Medium,Low
Electronics,71.64870023227952,79.4472884867882,6.72855622441884,2.317517077208303,High,Medium
Home,77.793319912236,106.86353007319772,12.362778202227949,2.175667042019735,Medium,Low
Sports,91.93435317655285,114.06533561228804,11.52517429021706,3.2730744650750734,Low,Low
Home,50.07131684398154,70.11981890066872,9.110387639038452,4.556002443258663,Medium,Medium
Home,47.68047505423549,65.16969232719569,14.015094507818596,1.4984535427133094,Low,Low
Clothing,29.5202261014744,44.79950769918616,2.865979613150424,4.710982932301629,High,Medium
Clothing,90.4755924488428,150.69309430611614,7.141086258103782,1.1550277422167299,Low,Low
Electronics,66.40870064666845,100.44496149466353,8.401902478376737,1.1375074334069009,Medium,Low
Clothing,46.04100309838445,92.04262034208931,4.084583508126156,1.4128665955159985,Medium,Low
Home,51.411534311824425,80.80744886131833,10.33709584580104,2.0685762794825973,Low,Low
Sports,75.51838188972471,126.77980016504226,5.420407634776519,3.486074896136194,Medium,Low
Clothing,90.4441896058959,110.35826451906735,6.413750299824468,4.2845696988813895,Low,Low
Home,74.91243860552514,100.95117773379955,9.947509857925889,2.363847894571954,Medium,Low
Home,79.96413060663188,131.3493683531179,10.159086468406182,4.9927996306624705,High,High
Clothing,11.20129196881407,20.60651715074239,10.048339071203339,3.5893685374923647,High,Medium
Home,66.76778081233707,132.48292232774182,13.765459973552257,2.756522643219402,High,Medium
Beauty,61.306126331073386,112.95848651685009,13.016626044932949,2.8544882973737993,Medium,Low
Sports,94.95361865239724,127.9645386507933,6.5714448493306,4.725915970386723,High,High
Clothing,67.87201921457034,124.55881521890794,11.493637899095193,3.798137030462095,High,Medium
Beauty,10.423962101254652,14.684720744079245,10.337103792854693,1.4101167929112055,Low,Low
Sports,47.658587235146356,72.12523436157551,2.0775685621122433,3.683060101772143,Medium,Low
Clothing,28.24223018744774,41.77508203573026,12.743750714713785,4.5084818706491525,Low,Low
Sports,29.1546202939484,48.628287226111055,1.3497771519458923,3.8829004481067155,Medium,Low
Clothing,37.52753671310666,59.7374109155196,2.278945398129782,4.026586197409595,Low,Low
Sports,22.503621899404052,25.908468248493275,9.229178291203587,4.361392710354032,Medium,Medium
Beauty,15.401642392673905,19.753652368915354,14.976462591993394,3.165450553584528,Low,Low
Clothing,46.870208903005036,62.54186309039863,12.73759493329066,3.862482867887143,Low,Low
Sports,89.8458054256349,154.57749986841011,4.973171202581688,3.775452647502929,Medium,Low
Electronics,12.354097438551305,19.291563416119104,5.8062135687403735,2.314282530929177,Medium,Low
Sports,35.62085832459536,64.08920408131756,1.991080104156442,3.6415530095833017,Medium,Low
Electronics,6.820949314872889,10.154964092944512,1.4621671026045815,4.815747010105635,Low,Medium
Home,72.66091949183007,91.4293261916038,4.2953656665770055,2.9774832441830323,Medium,Low
Clothing,77.10279902613291,119.55232939983597,13.7649915733448,1.5864582286393691,Low,Low
Home,27.123518884422428,33.662575775041276,10.568011812201787,3.374738479634933,High,Medium
Sports,43.51980925138975,86.4164373588413,5.09148539435143,2.1792689533870675,Medium,Low
Clothing,58.636437722580546,77.81585768684914,13.814059165309835,2.062742259465054,Medium,Low
Beauty,56.8385231720203,97.51089813291296,3.663191031481926,3.083543130802717,High,Low
Beauty,18.66745680261633,22.292572307077627,6.9212096123818085,4.182313505030345,High,High
Beauty,84.80178903246636,134.87589289219656,2.2149613569098667,1.947397882386185,Medium,Low
Clothing,16.83843100296685,24.067327187692463,4.2115090301613485,1.8732124472460492,High,Low
Beauty,59.10223955926471,109.28902079347804,14.882740801457194,1.654464816553105,Medium,Low
Home,70.13691618019394,91.43396277470306,2.8452956185535108,4.548170977787848,Medium,Medium
Sports,82.62517442084233,124.22792665818677,7.849344059988843,1.870994819336088,High,Low
Sports,77.40231394278084,150.35855442999969,14.170512029282456,1.6991251394997353,Low,Low
Beauty,11.392038227543882,15.278973648599973,13.770915314941359,3.532714699583089,Medium,Low
Electronics,29.429473355364106,51.42651379188885,1.3937010878909326,2.501285383092055,Medium,Low
Home,66.9667057177524,98.08462231359229,9.34461033668706,1.4298022105156325,Low,Low
Clothing,91.40862060112862,122.73133911791204,12.475478038926427,4.997401201888801,Medium,Medium
Electronics,96.71762028705902,186.10722825934246,8.040257280918189,4.180441130106899,Medium,Low
Sports,97.85662749938116,192.57380993011404,3.2922054103083935,2.1976924992124265,Medium,Low
Clothing,40.93998268069965,48.29105422238281,5.791157346904663,4.92553333696512,Medium,Medium
Beauty,44.535289908584986,55.66397578103463,14.806475161971727,4.2833960370525155,Low,Low
Clothing,28.152280130912555,38.71798097018216,7.763885037916992,1.252732387440906,Medium,Low
Home,39.27659958091024,69.8166194811985,8.000474817974512,1.511247377441531,Medium,Low
Clothing,65.31832436118566,122.34377641506124,5.826776736598238,2.561182188851082,Low,Low
Clothing,82.29283726989881,143.47406772466965,4.483158892544071,4.6408666198665784,Medium,Low
Sports,35.40153074330222,55.06496487994473,3.2751549141643883,4.8389828858478765,Low,Low
Home,43.6435061143405,77.95276138836309,3.014266175456922,1.0344760103671211,Medium,Low
Clothing,5.708998339635843,8.451703662428905,11.05295425681205,2.7707748078697434,High,Low
Electronics,27.136801617699305,49.70994771584429,9.238037366348332,1.843052397719625,Low,Low
Electronics,44.48463929276974,59.274464499064436,13.138162496748405,3.6770731670033396,High,High
Electronics,51.350518551533675,65.92537839812184,9.775236820907814,2.4349700421715545,High,Low
Electronics,58.75591980401383,113.10986976359922,12.211453398036504,2.8045202791913657,Medium,Low
Home,73.3335578573858,121.50433951654834,2.1435167081289555,1.8708995951956089,Medium,Low
Clothing,55.64025255899757,92.8296376734784,8.601166222850589,1.5175224678668036,High,Low
Clothing,93.34388143703814,141.21385391903215,3.542839906303506,2.209582961215689,Low,Low
Sports,93.69014332063549,181.6972286866407,2.753220358802454,2.528215530044228,Medium,Low
Home,68.3086939460173,92.68558458787352,9.20131751901342,1.437929464275976,High,Low
Beauty,63.377448724243294,120.62136641259157,2.1007739538566126,2.3236590631207807,Low,Low
Home,55.66429443358037,111.12787924070415,12.207505471774468,4.3825683664976856,Medium,Low
Electronics,96.73293398118399,136.14322250808928,5.7390963119566205,1.028367251097484,Medium,Low
Home,43.7540927449449,86.73089784040673,10.10158512786899,3.968089807519041,Low,Low
Clothing,40.02888976973036,71.76212343247703,12.353092697416548,2.6014265073593226,Medium,Low
Home,43.61395820544686,78.27189614977699,7.774281703899627,4.590129306088336,High,Medium
Home,83.4258099444395,151.1825544722059,3.812758755597314,4.22047683501866,Medium,Medium
Sports,32.46928177314434,63.54349067555529,1.6980420495882995,1.5996370129885586,High,Medium
Sports,98.37171119626494,155.7050416644972,8.036821618697548,2.031113952815965,Low,Low
Home,93.56535397249236,159.0005134589087,12.517204558725982,1.0531248138343203,Low,Low
Sports,11.860252606842856,20.35209651533106,8.045085808020882,4.060595399445056,Medium,Low
Electronics,19.191255441511046,32.30715930336119,3.413409069472327,4.48957825341926,Low,Low
Sports,60.56843492797856,81.13798125765426,1.438797364024134,1.477795535857143,Low,Low
Beauty,52.67760544732785,79.51480109732125,11.54865847625073,1.5298826253677063,Medium,Low
Beauty,44.70848812315679,83.51350288964325,12.986150707925244,1.396950659678724,Medium,Low
Beauty,17.245745581982398,30.145513650338998,2.416318674583445,3.4925514149913015,High,Medium
Electronics,65.72417379204619,86.23762704724466,10.991243963570152,4.4947121382429955,Low,Medium
Clothing,87.32659041657283,142.71066226951547,2.7795468721383356,2.710167421438848,Medium,Low
Electronics,12.49833622864917,15.904185180830533,7.643620902219787,2.4459485992872483,Medium,Low
Sports,42.44809698699125,79.09705448462482,7.901757946413246,2.887610042258092,High,Medium
Clothing,60.85072086500738,118.11649581261423,11.164858564874642,4.6710906099777585,Medium,Medium
Home,62.434540474533,98.33351834824072,8.8041735402904,4.913323230708992,Low,Low
Sports,48.76391520722435,67.11762733850412,1.4922295037967181,2.292580869117669,Medium,Low
Beauty,33.356844317121514,56.877611586666966,5.602641785762299,2.1124486702152137,Low,Low
Electronics,24.568877497904953,42.7097139394094,1.296097526891828,2.675731911935784,Medium,Low
Electronics,73.66302422102558,143.70008450525424,13.839074912577386,3.3337048605763644,Low,Low
Clothing,45.74401699249747,58.098885608701025,4.9451629055508945,2.0701081209933694,Medium,Low
Beauty,12.784151708623881,16.317463251286576,14.212729350968202,4.905958644591548,Low,Low
Clothing,91.89598323202043,141.9047934345346,7.350019334612447,1.1521967132403637,Medium,Low
Clothing,55.1664676885475,70.71639674538189,2.541032642534801,2.533551454527994,High,Medium
Beauty,74.11596058686355,89.20895026600024,9.233764916549967,3.667862813948727,Low,Low
Sports,56.26786994579948,65.81851170013695,1.2524061254247714,1.4093287181362526,Medium,Low
Clothing,55.620477566909685,84.77615427183558,14.735366743189134,3.961513187764079,High,Medium
Sports,76.87122088649286,91.14805463351043,1.384587875181788,2.6145035810795885,Low,Low
Beauty,21.47262628958134,37.62666078609328,8.074951355329565,3.719886840357505,Low,Low
Sports,75.83469158944769,151.37037864274996,10.319107008763437,2.9739199922915107,Medium,Low
Beauty,51.450338011652946,75.46051769669721,14.811972870910571,1.2237054005129027,Medium,Low
Clothing,10.018459921317236,16.663274349585155,1.7631298837920741,4.345758949504493,Medium,Low
Clothing,35.28764567293544,57.66519234693977,3.941648863163003,1.465326908533045,Medium,Low
Beauty,27.901112856389982,31.085364052111515,6.041394830949586,1.359288517702419,High,Low
Clothing,99.98567822620802,110.18079075326128,9.941416905685674,1.5649747921062294,Medium,Low
Beauty,13.895124866694777,27.228287369996536,9.55296942476869,1.005072307661961,Low,Low
Home,77.89152186398486,150.64212527644605,7.771671524055114,2.2622138977724435,Medium,Low
Sports,70.78883121231333,93.38289216354153,14.043229496626267,1.4193429888239653,Medium,Low
Clothing,19.38399217392808,35.251886235162836,10.901196596695925,1.761527145188139,Medium,Low
Beauty,9.486363267001707,11.941394175387206,14.382644413434553,1.2816214496100566,Low,Low
Home,52.610459488461586,76.04290625519478,14.6091106966438,1.6366363359753193,High,Low
Home,42.11588602459013,71.56532435118906,4.017180005668764,1.8842862112559673,High,Low
Clothing,21.074289909338923,26.73852165566262,1.1477229154226076,1.365705075446837,Low,Low
Home,89.72794735079893,121.89077651985409,5.588461162545794,1.4624224424460488,High,Low
Home,23.104724419133415,35.02295937944165,13.642390228899362,1.2034136945432845,Medium,Low
Home,37.39004115604793,71.39858264826006,14.172318688780786,3.6834595480076238,High,Medium
Clothing,96.3532120511619,173.20199221484242,9.707114272593929,3.427171583285347,Medium,Low
Beauty,56.414357748273346,102.87010880519534,8.124393572439441,1.2497770998956965,Low,Low
Electronics,46.051042496183285,90.71740811817685,7.331011401424053,1.5711425466715387,High,Low
Clothing,95.41172860710103,132.40750848433254,13.15337423813888,4.525002726727559,Medium,Medium
Home,71.80397955367125,80.38671538676832,9.836633092840996,1.6544659549702203,Medium,Low
Sports,40.7380945331141,58.28018135991333,8.363252076620432,4.235197778004602,Low,Low
Sports,31.364666465727293,60.84970537574,11.129484026635241,3.3087467048932355,Low,Low
Sports,7.783447094824744,12.891666362750591,8.133124225138827,3.1829987191177427,Low,Low
Electronics,95.32074775520381,139.9146156253251,7.533564181632098,1.210839159413756,Low,Low
Electronics,73.13223746944198,115.86232129817644,8.121883779027733,1.9724981216906747,High,Low
Beauty,90.52966275957664,153.7498026819733,2.4730737733343764,3.68807904872214,Medium,Low
Home,81.54757223786648,150.26965219387267,13.154843060905705,2.6565260583163934,Low,Low
Clothing,56.35250416194779,85.22664395364255,14.230239319478915,3.6944393279867804,Low,Low
Beauty,27.82327675410887,42.36995051986845,7.376518008089064,3.328579211258968,High,Medium
Electronics,83.8692740128474,142.3774025674469,5.737150122953022,4.742092091035429,Medium,Medium
Home,54.94818198490642,95.95554666619365,9.14035527100074,4.791078328128593,Medium,Medium
Beauty,70.56625170741155,118.62442965010884,13.488824042935716,3.9315098115355935,High,Medium
Sports,30.28025583608342,56.014612376606834,6.975065210714871,3.594940555502937,High,Medium
Beauty,31.39965696883682,48.61829845536785,5.6134257928359546,2.762412456236699,Medium,Low
Sports,69.99986214290622,132.59353392639423,3.8491555166464106,4.493444471365752,Low,Low
Sports,33.42859982971524,59.27877231462422,3.915887452149641,1.8208803491762873,High,Medium
Electronics,16.93348324984241,23.366620273346836,13.40290960220795,4.099713889223819,High,High
Clothing,89.30696062148634,109.27358908890655,5.708840174018147,3.3469924758693717,Low,Low
Sports,95.01868700078408,170.0990335596414,4.756020805988817,3.3632181340716634,Medium,Low
Electronics,53.9432614831303,96.94614757672133,8.87002655358619,3.2108155601821604,Low,Low
Clothing,16.983077511534447,26.775184648688384,4.7640616297060925,1.0841476098418745,High,Low
Sports,56.22341044209487,110.86881087792268,7.778983950866984,1.2544057455111894,Medium,Low
Beauty,84.90413620852964,169.5675145001886,7.024804431647015,2.28119496998697,Medium,Low
Sports,43.542870297190035,49.507117006794445,5.862038640279769,2.0609140900106984,Medium,Low
Electronics,95.07885814059141,146.2385044431171,10.832549711875895,4.4078770142233665,High,High
Clothing,47.662922304230776,86.5943114641468,8.65888187285819,3.5998083926635562,Low,Low
Electronics,16.12111923327695,25.396565577683543,2.776219592883306,3.36997391670562,Medium,Low
Clothing,51.778167124411894,95.94788041125177,3.29145929221619,2.1078184724984395,Low,Low
Clothing,72.06860027482776,94.72613883059662,6.441446509393307,2.7748057881186714,High,Medium
Electronics,98.4217859437544,182.76891970262773,1.5035205869877792,3.6335983815081674,Low,Low
Sports,86.1789664115212,147.78469057852806,1.7326600022092797,4.13139447194663,Medium,Low
Sports,75.98743311375728,97.90797655410606,8.51916837826145,3.948876894285219,High,High
Sports,80.29127792402699,101.82672883320413,1.9332376175262853,4.9942432263425145,High,High
Sports,57.68894666505877,110.27058165001564,13.966701809804773,1.036392725123104,High,Low
Electronics,28.78407930923127,49.00155246490276,13.435810751161084,2.839767805175851,High,Medium
Electronics,96.89617057857963,130.00937485526316,7.927563322407648,1.3444644420254952,High,Low
Electronics,52.76442697543465,64.89986716168832,7.188926983653051,2.336418608346253,Low,Low
Home,77.29556838020775,134.62668567562667,6.1280094068913105,1.211743742275273,Low,Low
Beauty,95.74164024542259,126.00906120959823,5.52934459231853,1.7352515579272598,High,Low
Beauty,16.08546639391048,27.19089200347063,5.776090561475563,3.990051882329907,High,Medium
Beauty,47.97353865547804,60.08590546135774,9.91550049998094,4.899079373681652,Medium,Medium
Beauty,92.93038587307582,144.29666907474433,10.269565561314508,4.650397382365561,Medium,Medium
Beauty,52.672935676348544,78.68713323797147,5.7556966587142195,3.8760777726515645,Low,Low
Home,41.48181202667102,77.5278292360477,11.485986243669396,2.089261588724331,Medium,Low
Beauty,28.93983105618681,55.81569668548181,9.142243729896574,3.1339208349791314,Low,Low
Clothing,17.26118685876098,27.327448984792042,14.111983052991748,2.233408486704795,High,Medium
Home,77.58908072499354,102.65277447111856,1.5087704764273944,1.407389060569531,Medium,Low
Clothing,24.083332113321685,33.11775878268204,8.34300803906567,3.6074723745904236,High,High
Clothing,77.88121825266077,153.84810595316748,5.001780281287732,1.2844428328537472,Medium,Low
Beauty,18.147770666971834,30.836487142208576,8.345412293598711,3.557499202171102,Low,Low
Sports,13.113236007633013,19.733106906950418,11.588984766410881,4.1765382469290895,High,Medium
Home,44.006876237635325,83.99756258923597,13.547594030602104,3.7428510752987236,Medium,Low
Clothing,13.433460360842103,25.23469454961956,5.488678691703175,1.7133260497128653,Medium,Low
Clothing,74.29446762902136,119.14943242440093,6.026010753109692,4.2334312899922955,Low,Low
Beauty,80.61668351205772,110.86249233044721,2.0198341656327967,4.730558775199716,Medium,Medium
Beauty,28.403083488018677,32.86032450528643,2.8439334928889712,4.434979874118321,Low,Low
Clothing,9.126168937385557,12.182756109873267,13.260675544028174,4.009382810127824,High,High
Clothing,43.08380283715149,58.923735236144694,10.544147905772789,1.8311618588190153,Medium,Low
Home,81.28853027290982,119.79777604558006,4.969672152735067,2.135512726362853,Medium,Low
Sports,81.84156120818871,111.73265551046872,8.99698084852124,3.981590956566158,High,High
Electronics,43.60859724609457,81.37953182956318,12.178779401025956,2.0686610503519596,High,Medium
Beauty,52.32887835836011,78.22125942833196,4.055824782940912,1.5218056397744721,High,Low
Electronics,19.626507673317867,34.0484724314843,4.410939970838161,2.8744072404860392,Low,Low
Sports,57.220038297374934,107.11520967190495,7.637429061791737,1.0164248115897938,High,Low
Electronics,44.5804235543063,55.257782752961695,10.302309199305634,3.835197059624616,Low,Low
Electronics,86.07922755424255,151.81239657626546,13.350880321177868,2.735552193941918,High,Medium
Home,43.74995249411809,59.44141022571603,8.810308570090399,2.2172303672834572,High,Medium
Clothing,99.92469339962688,135.71391954669667,4.926370906640774,1.6389978409357768,Medium,Low
Sports,32.092726620954544,58.201958227447676,13.68059506891027,4.900348678830725,Low,Low
Sports,87.65236792441574,146.5981533307761,3.306232545134864,2.71932503005201,Medium,Low
Clothing,6.427141488153798,8.878722970760032,9.234011894214374,1.5531326936189909,Low,Low
Beauty,31.069113495035637,45.361734390191494,11.896749206945822,4.7648587764827415,Medium,Low
Electronics,57.30180355889957,105.6243803358751,5.249054728071331,2.5939150484368576,Low,Low
Beauty,96.35308701417244,133.1175868133216,2.3726235335531576,3.1072686642016536,Low,Low
Home,64.64706347019964,92.36159145405584,8.495786697160549,4.15359812377965,Low,Low
Sports,58.65993648815552,74.01072972205078,2.3966898078397936,1.2180475596434368,High,Medium
Beauty,81.71594426280934,127.29836911442754,1.7659984476709591,3.1418822983653527,Medium,Low
Beauty,54.430744488181645,107.64877643918274,14.52078621438002,1.8610761831433371,Medium,Low
